Time_Sec;True_Lateral;True_Longitudinal;True_Vertical;True_Pitch;True_Yaw;True_Roll
108.877;-0.0;0.0;0.0;0.0;-0.0;0.0
108.988;-0.0;0.0;0.0;0.0;-0.0;0.0
109.104;-0.0;0.0;0.0;0.0;-0.0;0.0
109.211;-0.0;0.0;0.0;0.0;-0.0;0.0
109.313;-0.0;0.0;0.0;0.0;-0.0;0.0
109.44;-0.0;0.0;0.0;0.0;-0.0;0.0
109.546;-0.0;0.0;0.0;0.0;-0.0;0.0
109.666;-0.0;0.0;0.0;0.0;-0.0;0.0
109.768;-0.0;0.0;0.0;0.0;-0.0;0.0
109.879;-0.0;0.0;0.0;0.0;-0.0;0.0
109.991;-0.0;0.0;0.0;0.0;-0.0;0.0
110.101;-0.0;0.0;0.0;0.0;-0.0;0.0
110.213;-0.0;0.0;0.0;0.0;-0.0;0.0
110.324;-0.0;0.0;0.0;0.0;-0.0;0.0
110.438;-0.0;0.0;0.0;0.0;-0.0;0.0
110.543;-0.0;0.0;0.0;0.0;-0.0;0.0
110.654;-0.0;0.0;0.0;0.0;-0.0;0.0
110.766;-0.0;0.0;0.0;0.0;-0.0;0.0
110.868;-0.0;0.0;0.0;0.0;-0.0;0.0
110.976;-0.0;0.0;0.0;0.0;-0.0;0.0
111.076;-0.0;0.0;0.0;0.0;-0.0;0.0
111.176;-0.0;0.0;0.0;0.0;-0.0;0.0
111.277;-0.0;0.0;0.0;0.0;-0.0;0.0
111.378;-0.0;0.0;0.0;0.0;-0.0;0.0
111.478;-0.0;0.0;0.0;0.0;-0.0;0.0
111.581;-0.0;0.0;0.0;0.0;-0.0;0.0
111.69;-0.0;0.0;0.0;0.0;-0.0;0.0
111.8;-0.0;0.0;0.0;0.0;-0.0;0.0
111.912;-0.0;0.0;0.0;0.0;-0.0;0.0
112.022;-0.0;0.0;0.0;0.0;-0.0;0.0
112.131;-0.0;0.0;0.0;0.0;-0.0;0.0
112.238;-0.0;0.0;0.0;0.0;-0.0;0.0
112.343;-0.0;0.0;0.0;0.0;-0.0;0.0
112.457;-0.0;0.0;0.0;0.0;-0.0;0.0
112.562;-0.0;0.0;0.0;0.0;-0.0;0.0
112.676;-0.0;0.0;0.0;0.0;-0.0;0.0
112.779;-0.0;0.0;0.0;0.0;-0.0;0.0
112.88;-0.0;0.0;0.0;0.0;-0.0;0.0
112.986;-0.0;0.11875;0.0;0.0;-0.0;0.0
113.09;-0.0;0.62875;0.0;0.0;-0.0;0.0
113.194;-0.0;1.13375;0.0;0.0;-0.0;0.0
113.306;-0.0;1.645;0.0;0.0;-0.0;0.0
113.415;-0.0;2.155;0.0;0.0;-0.0;0.0
113.526;-0.0;2.915;0.0;0.0;-0.0;0.0
113.633;-0.0;3.425;0.0;0.0;-0.0;0.0
113.744;-0.0;3.935;0.0;0.0;-0.0;0.0
113.869;-0.0;4.695;0.0;0.0;-0.0;0.0
113.976;-0.0;5.0;0.0;0.0;-0.0;0.0
114.078;-0.0;5.0;0.0;0.0;-0.0;0.0
114.184;-0.0;5.0;0.0;0.0;-0.0;0.0
114.29;-0.0;5.0;0.0;0.0;-0.0;0.0
114.402;-0.0;5.0;0.0;0.0;-0.0;0.0
114.503;-0.0;5.0;0.0;0.0;-0.0;0.0
114.608;-0.0;5.0;0.0;0.0;-0.0;0.0
114.721;-0.0;5.0;0.0;0.0;-0.0;0.0
114.824;-0.0;5.0;0.0;0.0;-0.0;0.0
114.936;-0.0;5.0;0.0;0.0;-0.0;0.0
115.046;-0.0;5.0;0.0;0.0;-0.0;0.0
115.148;-0.0;5.0;0.0;0.0;-0.0;0.0
115.268;-0.0;5.0;0.0;0.0;-0.0;0.0
115.378;-0.0;5.0;0.0;0.0;-0.0;0.0
115.487;-0.0;5.0;0.0;0.0;-0.0;0.0
115.601;-0.0;5.0;0.0;0.0;-0.0;0.0
115.714;-0.0;5.0;0.0;0.0;-0.0;0.0
115.814;-0.0;5.0;0.0;0.0;-0.0;0.0
115.917;-0.0;5.0;0.0;0.0;-0.0;0.0
116.018;-0.0;5.0;0.0;0.0;-0.0;0.0
116.122;-0.0;4.97625;0.0;0.0;-0.0;0.0
116.223;-0.0;4.5275;0.0;0.0;-0.0;0.0
116.323;-0.0;4.0175;0.0;0.0;-0.0;0.0
116.424;-0.0;3.515;0.0;0.0;-0.0;0.0
116.525;-0.0;3.00625;0.0;0.0;-0.0;0.0
116.625;-0.0;2.4975;0.0;0.0;-0.0;0.0
116.728;-0.0;1.99375;0.0;0.0;-0.0;0.0
116.829;-0.0;1.48625;0.0;0.0;-0.0;0.0
116.942;-0.0;0.97875;0.0;0.0;-0.0;0.0
117.046;-0.0;0.47625;0.0;0.0;-0.0;0.0
117.147;-0.0;0.02625;0.0;0.0;-0.0;0.0
117.253;-0.0;0.0;0.0;0.0;-0.0;0.0
117.356;-0.0;0.0;0.0;0.0;-0.0;0.0
117.458;-0.0;0.0;0.0;0.0;-0.0;0.0
117.567;-0.0;0.0;0.0;0.0;-0.0;0.0
117.676;-0.0;0.0;0.0;0.0;-0.0;0.0
117.789;-0.0;0.0;0.0;0.0;-0.0;0.0
117.89;-0.0;0.0;0.0;0.0;-0.0;0.0
117.997;-0.0;0.0;0.0;0.0;-0.0;0.0
118.104;-0.0;0.0;0.0;0.0;-0.0;0.0
118.221;-0.0;0.0;0.0;0.0;-0.0;0.0
118.323;-0.0;0.0;0.0;0.0;-0.0;0.0
118.43;-0.0;0.0;0.0;0.0;-0.0;0.0
118.534;-0.0;0.0;0.0;0.0;-0.0;0.0
118.635;-0.0;0.0;0.0;0.0;-0.0;0.0
118.736;-0.0;0.0;0.0;0.0;-0.0;0.0
118.836;-0.0;0.0;0.0;0.0;-0.0;0.0
118.936;-0.0;0.0;0.0;0.0;-0.0;0.0
119.037;-0.0;0.0;0.0;0.0;-0.0;0.0
119.138;-0.0;0.0;0.0;0.0;-0.0;0.0
119.241;-0.0;0.0;0.0;0.0;-0.0;0.0
119.344;0.0;-0.12625;-0.0;0.0;-0.0;0.0
119.46;0.0;-0.63625;-0.0;0.0;-0.0;0.0
119.56;0.0;-1.39375;-0.0;0.0;-0.0;0.0
119.671;0.0;-1.64875;-0.0;0.0;-0.0;0.0
119.771;0.0;-2.41125;-0.0;0.0;-0.0;0.0
119.878;0.0;-2.6675;-0.0;0.0;-0.0;0.0
119.985;0.0;-3.43375;-0.0;0.0;-0.0;0.0
120.088;0.0;-3.9475;-0.0;0.0;-0.0;0.0
120.191;0.0;-4.4625;-0.0;0.0;-0.0;0.0
120.292;0.0;-4.9775;-0.0;0.0;-0.0;0.0
120.403;0.0;-5.49;-0.0;0.0;-0.0;0.0
120.511;0.0;-5.9975;-0.0;0.0;-0.0;0.0
120.617;0.0;-6.51125;-0.0;0.0;-0.0;0.0
120.73;0.0;-7.275;-0.0;0.0;-0.0;0.0
120.847;0.0;-7.785;-0.0;0.0;-0.0;0.0
120.964;0.0;-8.2925;-0.0;0.0;-0.0;0.0
121.079;0.0;-8.79625;-0.0;0.0;-0.0;0.0
121.195;0.0;-9.5575;-0.0;0.0;-0.0;0.0
121.305;0.0;-9.985;-0.0;0.0;-0.0;0.0
121.415;0.0;-10.0;-0.0;0.0;-0.0;0.0
121.521;0.0;-10.454062507560893;-0.017146260308128564;0.09570695578862672;-0.0;0.0
121.636;0.0;-11.170009071390862;-0.04602740448503786;0.2468602751935818;-0.0;0.0
121.751;0.0;-12.236864518547314;-0.09328122717012474;0.4726643734816099;-0.0;0.0
121.854;0.0;-12.948597569946038;-0.12763230123649025;0.6236860511865596;-0.0;0.0
121.954;0.0;-13.654151800172468;-0.16393383186140514;0.7737006591057732;-0.0;0.0
122.065;0.0;-14.370803735682212;-0.2031124158565845;0.9263876857175919;-0.0;0.0
122.174;0.0;-15.086437721863259;-0.24456885733661643;1.079175464031339;-0.0;0.0
122.295;0.0;-15.7941687588616;-0.2878752086447445;1.230591154482558;-0.0;0.0
122.403;0.0;-16.866763178932917;-0.3579145092201664;1.4606718975137478;-0.0;0.0
122.508;0.0;-17.56853681380833;-0.4066344642514483;1.611606889380263;-0.0;0.0
122.611;0.0;-18.277873436869903;-0.45822385248617925;1.7644924839186833;-0.0;0.0
122.721;0.0;-18.987895257202915;-0.5122385948787782;1.9178551367292194;-0.0;0.0
122.83;0.0;-19.686642373376912;-0.5677309678319171;2.06910736217825;-0.0;0.0
122.943;0.0;-20.392909020917656;-0.6261900169834276;2.2223179912260957;-0.0;0.0
123.048;0.0;-21.445272133452924;-0.7177490715007994;2.451231291262876;-0.0;0.0
123.152;0.0;-22.14896442050471;-0.7819687475748138;2.6047219874791705;-0.0;0.0
123.254;0.0;-22.851619965701385;-0.8485083330273592;2.75832739666016;-0.0;0.0
123.355;0.0;-23.54815599575687;-0.916865666382933;2.910934538286612;-0.0;0.0
123.455;0.0;-24.24704759202865;-0.9878691968797474;3.064400885968511;-0.0;0.0
123.555;0.0;-24.94490039465638;-1.061197228027717;3.217985477848213;-0.0;0.0
123.656;0.0;-25.63496820810214;-1.1361112108056148;3.370200455020086;-0.0;0.0
123.757;0.0;-26.330746263169488;-1.2140818888187082;3.524024505027038;-0.0;0.0
123.862;0.0;-27.025478204413453;-1.2943934477926629;3.6779709519065085;-0.0;0.0
123.963;0.0;-27.710769697057707;-1.3760367524775257;3.830175199138832;-0.0;0.0
124.064;0.0;-28.405090410152823;-1.46122712844857;3.9847426486720914;-0.0;0.0
124.165;0.0;-29.095005747231763;-1.5483581511062523;4.138689717637995;-0.0;0.0
124.265;0.0;-29.778857667614695;-1.637181390601941;4.29164186366698;-0.0;0.0
124.368;0.0;-30.468343795224257;-1.7292314669211426;4.446218744497401;-0.0;0.0
124.478;0.0;-31.156768292516254;-1.8236571453424275;4.60092657225826;-0.0;0.0
124.579;0.0;-32.188239397235364;-1.9698833169258816;4.833424665124238;-0.0;0.0
124.684;0.0;-32.53208193340224;-2.0199027663895763;4.911116339200043;-0.0;0.0
124.784;0.0;-33.2173025199583;-2.1214978115416603;5.066226163272854;-0.0;0.0
124.896;0.0;-34.23402448363723;-2.2769763347180656;5.297078719190244;-0.0;0.0
125.005;0.0;-34.9116182159648;-2.3837620890057396;5.451401975898001;-0.0;0.0
125.113;0.0;-35.57990378566771;-2.4915835736822096;5.603979297556687;-0.0;0.0
125.214;0.0;-36.255379216542806;-2.603109435048676;5.758579509840073;-0.0;0.0
125.335;0.0;-36.92649747382498;-2.716468080904952;5.912566116461887;-0.0;0.0
125.448;0.0;-37.07932436961093;-2.7426396812199068;5.9476857812927975;-0.0;0.0
125.549;0.0;-37.07932436961093;-2.7426396812199068;5.9476857812927975;-0.2462532609748288;-0.025654955749803886
125.666;0.0;-37.07932436961093;-2.7426396812199068;5.9476857812927975;-0.4925065219496576;-0.05130991149960777
125.781;0.0;-37.07932436961093;-2.7426396812199068;5.9476857812927975;-0.6771964676807792;-0.07055112831196067
125.895;0.0;-37.07932436961093;-2.7426396812199068;5.9476857812927975;-0.8618864134119008;-0.08979234512431358
126.006;0.0;-37.07932436961093;-2.7426396812199068;5.9476857812927975;-0.9850130438993152;-0.10261982299921554
126.112;0.0;-37.07932436961093;-2.7426396812199068;5.9476857812927975;-0.9850130438993152;-0.10261982299921554
126.224;0.0;-37.07932436961093;-2.7426396812199068;5.9476857812927975;-0.9850130438993152;-0.10261982299921554
126.34;0.0;-37.07932436961093;-2.7426396812199068;5.9476857812927975;-0.9850130438993152;-0.10261982299921554
126.448;0.0;-37.07932436961093;-2.7426396812199068;5.9476857812927975;-0.9850130438993152;-0.10261982299921554
126.555;0.0;-37.07932436961093;-2.7426396812199068;5.9476857812927975;-0.9850130438993152;-0.10261982299921554
126.669;0.0;-37.07932436961093;-2.7426396812199068;5.9476857812927975;-0.9850130438993152;-0.10261982299921554
126.771;0.0;-37.07932436961093;-2.7426396812199068;5.9476857812927975;-0.9850130438993152;-0.10261982299921554
126.874;0.0;-37.07932436961093;-2.7426396812199068;5.9476857812927975;-0.9850130438993152;-0.10261982299921554
126.975;0.0;-37.07932436961093;-2.7426396812199068;5.9476857812927975;-0.9850130438993152;-0.10261982299921554
127.079;0.0;-37.07932436961093;-2.7426396812199068;5.9476857812927975;-0.9850130438993152;-0.10261982299921554
127.18;0.0;-37.07932436961093;-2.7426396812199068;5.9476857812927975;-0.9850130438993152;-0.10261982299921554
127.282;0.0;-37.07932436961093;-2.7426396812199068;5.9476857812927975;-0.9850130438993152;-0.10261982299921554
127.39;0.0;-37.07932436961093;-2.7426396812199068;5.9476857812927975;-0.9850130438993152;-0.10261982299921554
127.5;0.0;-37.07932436961093;-2.7426396812199068;5.9476857812927975;-0.9850130438993152;-0.10261982299921554
127.61;0.0;-37.07932436961093;-2.7426396812199068;5.9476857812927975;-0.9850130438993152;-0.10261982299921554
127.718;0.0;-37.07932436961093;-2.7426396812199068;5.9476857812927975;-0.9850130438993152;-0.10261982299921554
127.82;0.0;-37.07932436961093;-2.7426396812199068;5.9476857812927975;-0.9850130438993152;-0.10261982299921554
127.92;0.0;-37.07932436961093;-2.7426396812199068;5.9476857812927975;-0.9850130438993152;-0.10261982299921554
128.022;0.0;-37.07932436961093;-2.7426396812199068;5.9476857812927975;-0.9850130438993152;-0.10261982299921554
128.135;0.0;-37.05943203118938;-2.740567273894438;5.9476857812927975;-0.9850130438993152;-0.10261982299921554
128.242;0.0;-36.61931404361266;-2.6947152618184327;5.9476857812927975;-0.9850130438993152;-0.10261982299921554
128.351;0.0;-36.115789227317265;-2.642257451392495;5.9476857812927975;-0.9850130438993152;-0.10261982299921554
128.467;0.0;-35.608534597567825;-2.5894110645930315;5.9476857812927975;-0.9850130438993152;-0.10261982299921554
128.573;0.0;-34.84640938179231;-2.510011958935994;5.9476857812927975;-0.9850130438993152;-0.10261982299921554
128.683;0.0;-34.34412783664826;-2.4576836739678978;5.9476857812927975;-0.9850130438993152;-0.10261982299921554
128.793;0.0;-33.83687320689882;-2.4048372871684345;5.9476857812927975;-0.9850130438993152;-0.10261982299921554
128.903;0.0;-33.32961857714938;-2.351990900368971;5.9476857812927975;-0.9850130438993152;-0.10261982299921554
129.011;0.0;-32.56997990367657;-2.2728508456276173;5.9476857812927975;-0.9850130438993152;-0.10261982299921554
129.112;0.0;-32.12737537379716;-2.2267397826359288;5.9476857812927975;-0.9850130438993152;-0.10261982299921554
129.218;0.0;-32.10623976422426;-2.224537849852618;5.9476857812927975;-0.9850130438993152;-0.10261982299921554
129.325;0.0;-32.10623976422426;-2.224537849852618;5.9476857812927975;-0.9850130438993152;-0.10261982299921554
129.437;0.0;-32.10623976422426;-2.224537849852618;5.9476857812927975;-0.9850130438993152;-0.10261982299921554
129.544;0.0;-32.10623976422426;-2.224537849852618;5.9476857812927975;-0.9850130438993152;-0.10261982299921554
129.656;0.0;-32.10623976422426;-2.224537849852618;5.9476857812927975;-0.9850130438993152;-0.10261982299921554
129.765;0.0;-32.10623976422426;-2.224537849852618;5.9476857812927975;-0.9850130438993152;-0.10261982299921554
129.866;0.0;-32.10623976422426;-2.224537849852618;5.9476857812927975;-0.9850130438993152;-0.10261982299921554
129.967;0.0;-32.10623976422426;-2.224537849852618;5.9476857812927975;-0.9850130438993152;-0.10261982299921554
130.07;0.0;-32.10623976422426;-2.224537849852618;5.9476857812927975;-0.9850130438993152;-0.10261982299921554
130.171;0.0;-32.10623976422426;-2.224537849852618;5.9476857812927975;-0.9850130438993152;-0.10261982299921554
130.272;0.0;-32.10623976422426;-2.224537849852618;5.9476857812927975;-0.9850130438993152;-0.10261982299921554
130.372;0.0;-32.10623976422426;-2.224537849852618;5.9476857812927975;-0.9850130438993152;-0.10261982299921554
130.472;0.0;-32.10623976422426;-2.224537849852618;5.9476857812927975;-0.9850130438993152;-0.10261982299921554
130.573;0.0;-32.10623976422426;-2.224537849852618;5.9476857812927975;-0.9850130438993152;-0.10261982299921554
130.675;0.0;-32.10623976422426;-2.224537849852618;5.9476857812927975;-0.9850130438993152;-0.10261982299921554
130.779;0.0;-32.10623976422426;-2.224537849852618;5.9476857812927975;-0.9850130438993152;-0.10261982299921554
130.882;0.0;-32.10623976422426;-2.224537849852618;5.9476857812927975;-0.9850130438993152;-0.10261982299921554
130.994;0.0;-32.10623976422426;-2.224537849852618;5.9476857812927975;-0.9850130438993152;-0.10261982299921554
131.103;0.0;-32.10623976422426;-2.224537849852618;5.9476857812927975;-0.9850130438993152;-0.10261982299921554
131.214;0.0;-32.10623976422426;-2.224537849852618;5.9476857812927975;-0.9850130438993152;-0.10261982299921554
131.323;0.0;-32.32754202916397;-2.2475933813484623;5.9476857812927975;-0.9850130438993152;-0.10261982299921554
131.427;0.0;-32.83603993006476;-2.3005692936057676;5.9476857812927975;-0.9850130438993152;-0.10261982299921554
131.535;0.0;-33.33707820405746;-2.352768053116022;5.9476857812927975;-0.9850130438993152;-0.10261982299921554
131.643;0.0;-33.84308956265556;-2.4054849144576433;5.9476857812927975;-0.9850130438993152;-0.10261982299921554
131.744;0.0;-34.34910092125365;-2.458201775799265;5.9476857812927975;-0.9850130438993152;-0.10261982299921554
131.849;0.0;-34.850139195246356;-2.5104005353095196;5.9476857812927975;-0.9850130438993152;-0.10261982299921554
131.957;0.0;-35.354907282693105;-2.5629878711932994;5.9476857812927975;-0.9850130438993152;-0.10261982299921554
132.069;0.0;-35.85967537013985;-2.6155752070770792;5.9476857812927975;-0.9850130438993152;-0.10261982299921554
132.18;0.0;-36.35947037298121;-2.6676444411294917;5.9476857812927975;-0.9850130438993152;-0.10261982299921554
132.289;0.0;-37.055702217735345;-2.7401786975209124;5.9476857812927975;-0.9850130438993152;-0.10261982299921554
132.391;0.0;-37.07932436961093;-2.7426396812199068;5.9476857812927975;-0.9850130438993152;-0.10261982299921554
132.508;0.0;-37.07932436961093;-2.7426396812199068;5.9476857812927975;-0.9850130438993152;-0.10261982299921554
132.61;0.0;-37.07932436961093;-2.7426396812199068;5.9476857812927975;-0.9850130438993152;-0.10261982299921554
132.72;0.0;-37.07932436961093;-2.7426396812199068;5.9476857812927975;-0.9850130438993152;-0.10261982299921554
132.827;0.0;-37.07932436961093;-2.7426396812199068;5.9476857812927975;-0.9850130438993152;-0.10261982299921554
132.928;0.0;-37.07932436961093;-2.7426396812199068;5.9476857812927975;-0.9850130438993152;-0.10261982299921554
133.036;0.0;-37.07932436961093;-2.7426396812199068;5.9476857812927975;-0.9850130438993152;-0.10261982299921554
133.146;0.0;-37.07932436961093;-2.7426396812199068;5.9476857812927975;-0.9850130438993152;-0.10261982299921554
133.246;0.0;-37.07932436961093;-2.7426396812199068;5.9476857812927975;-0.9850130438993152;-0.10261982299921554
133.369;0.0;-37.07932436961093;-2.7426396812199068;5.9476857812927975;-0.9850130438993152;-0.10261982299921554
133.48;0.0;-37.07932436961093;-2.7426396812199068;5.9476857812927975;-0.9850130438993152;-0.10261982299921554
133.582;0.0;-37.07932436961093;-2.7426396812199068;5.9476857812927975;-0.9850130438993152;-0.10261982299921554
133.685;0.0;-37.07932436961093;-2.7426396812199068;5.9476857812927975;-0.9850130438993152;-0.10261982299921554
133.786;0.0;-37.07932436961093;-2.7426396812199068;5.9476857812927975;-0.9850130438993152;-0.10261982299921554
133.886;0.0;-37.07932436961093;-2.7426396812199068;5.9476857812927975;-0.9850130438993152;-0.10261982299921554
133.987;0.0;-37.07932436961093;-2.7426396812199068;5.9476857812927975;-0.9850130438993152;-0.10261982299921554
134.087;0.0;-37.07932436961093;-2.7426396812199068;5.9476857812927975;-0.9850130438993152;-0.10261982299921554
134.188;0.0;-37.07932436961093;-2.7426396812199068;5.9476857812927975;-0.9850130438993152;-0.10261982299921554
134.29;0.0;-37.07932436961093;-2.7426396812199068;5.9476857812927975;-0.9850130438993152;-0.10261982299921554
134.394;0.0;-37.07932436961093;-2.7426396812199068;5.9476857812927975;-0.9850130438993152;-0.10261982299921554
134.495;0.0;-37.07932436961093;-2.7426396812199068;5.9476857812927975;-0.9850130438993152;-0.10261982299921554
134.597;0.0;-37.07932436961093;-2.7426396812199068;5.9476857812927975;-0.9850130438993152;-0.10261982299921554
134.699;0.0;-37.07932436961093;-2.7426396812199068;5.9476857812927975;-0.9850130438993152;-0.10261982299921554
134.8;0.0;-37.07932436961093;-2.7426396812199068;5.9476857812927975;-0.9850130438993152;-0.10261982299921554
134.912;0.0;-37.07932436961093;-2.7426396812199068;5.9476857812927975;-0.9850130438993152;-0.10261982299921554
135.021;0.0;-37.07932436961093;-2.7426396812199068;5.9476857812927975;-0.9850130438993152;-0.10261982299921554
135.135;0.0;-37.07932436961093;-2.7426396812199068;5.9476857812927975;-0.9850130438993152;-0.10261982299921554
135.243;0.0;-37.07932436961093;-2.7426396812199068;5.9476857812927975;-0.9850130438993152;-0.10261982299921554
135.353;0.0;-37.07932436961093;-2.7426396812199068;5.9476857812927975;-0.9850130438993152;-0.10261982299921554
135.466;0.0;-37.07932436961093;-2.7426396812199068;5.9476857812927975;-0.9850130438993152;-0.10261982299921554
135.575;0.0;-37.07932436961093;-2.7426396812199068;5.9476857812927975;-0.9850130438993152;-0.10261982299921554
135.675;0.0;-37.07932436961093;-2.7426396812199068;5.9476857812927975;-0.9850130438993152;-0.10261982299921554
135.789;0.0;-37.07932436961093;-2.7426396812199068;5.9476857812927975;-0.9850130438993152;-0.10261982299921554
135.917;0.0;-37.07932436961093;-2.7426396812199068;5.9476857812927975;-0.9850130438993152;-0.10261982299921554
136.024;0.0;-37.07932436961093;-2.7426396812199068;5.9476857812927975;-0.9850130438993152;-0.10261982299921554
136.126;0.0;-37.07932436961093;-2.7426396812199068;5.9476857812927975;-0.9850130438993152;-0.10261982299921554
136.23;0.0;-37.07932436961093;-2.7426396812199068;5.9476857812927975;-0.9850130438993152;-0.10261982299921554
136.347;0.0;-37.07932436961093;-2.7426396812199068;5.9476857812927975;-0.9850130438993152;-0.10261982299921554
136.451;0.0;-37.07932436961093;-2.7426396812199068;5.9476857812927975;-0.9850130438993152;-0.10261982299921554
136.569;0.0;-37.07932436961093;-2.7426396812199068;5.9476857812927975;-0.9850130438993152;-0.10261982299921554
136.674;0.0;-37.07932436961093;-2.7426396812199068;5.9476857812927975;-0.9850130438993152;-0.10261982299921554
136.786;0.0;-37.07932436961093;-2.7426396812199068;5.9476857812927975;-0.9850130438993152;-0.10261982299921554
136.898;0.0;-37.07932436961093;-2.7426396812199068;5.9476857812927975;-0.9850130438993152;-0.10261982299921554
136.998;0.0;-37.07932436961093;-2.7426396812199068;5.9476857812927975;-0.9850130438993152;-0.10261982299921554
137.104;0.0;-37.07932436961093;-2.7426396812199068;5.9476857812927975;-0.9850130438993152;-0.10261982299921554
137.217;0.0;-37.07932436961093;-2.7426396812199068;5.9476857812927975;-0.9850130438993152;-0.10261982299921554
137.318;0.0;-37.07932436961093;-2.7426396812199068;5.9476857812927975;-0.9850130438993152;-0.10261982299921554
137.428;0.0;-37.07932436961093;-2.7426396812199068;5.9476857812927975;-0.9850130438993152;-0.10261982299921554
137.534;0.0;-37.07932436961093;-2.7426396812199068;5.9476857812927975;-0.9850130438993152;-0.10261982299921554
137.635;0.0;-37.07932436961093;-2.7426396812199068;5.9476857812927975;-0.9850130438993152;-0.10261982299921554
137.735;0.0;-37.07932436961093;-2.7426396812199068;5.9476857812927975;-0.9850130438993152;-0.10261982299921554
137.836;0.0;-37.07932436961093;-2.7426396812199068;5.9476857812927975;-0.9850130438993152;-0.10261982299921554
137.936;0.0;-37.07932436961093;-2.7426396812199068;5.9476857812927975;-0.9850130438993152;-0.10261982299921554
138.037;0.0;-37.07932436961093;-2.7426396812199068;5.9476857812927975;-0.9850130438993152;-0.10261982299921554
138.138;0.0;-37.07932436961093;-2.7426396812199068;5.9476857812927975;-0.9850130438993152;-0.10261982299921554
138.242;0.0;-37.07932436961093;-2.7426396812199068;5.9476857812927975;-0.9850130438993152;-0.10261982299921554
138.344;0.0;-37.07932436961093;-2.7426396812199068;5.9476857812927975;-0.9850130438993152;-0.10261982299921554
138.448;0.0;-37.07932436961093;-2.7426396812199068;5.9476857812927975;-0.9850130438993152;-0.10261982299921554
138.55;0.0;-37.07932436961093;-2.7426396812199068;5.9476857812927975;-0.9850130438993152;-0.10261982299921554
138.659;0.0;-37.07932436961093;-2.7426396812199068;5.9476857812927975;-0.9850130438993152;-0.10261982299921554
138.77;0.0;-37.07932436961093;-2.7426396812199068;5.9476857812927975;-0.9850130438993152;-0.10261982299921554
138.881;0.0;-37.07932436961093;-2.7426396812199068;5.9476857812927975;-0.9850130438993152;-0.10261982299921554
138.982;0.0;-37.07932436961093;-2.7426396812199068;5.9476857812927975;-0.9850130438993152;-0.10261982299921554
139.083;0.0;-37.07932436961093;-2.7426396812199068;5.9476857812927975;-0.9850130438993152;-0.10261982299921554
139.197;0.0;-37.07932436961093;-2.7426396812199068;5.9476857812927975;-0.9850130438993152;-0.10261982299921554
139.298;0.0;-37.07932436961093;-2.7426396812199068;5.9476857812927975;-0.9850130438993152;-0.10261982299921554
139.404;0.0;-37.07932436961093;-2.7426396812199068;5.9476857812927975;-0.9850130438993152;-0.10261982299921554
139.516;0.0;-37.07932436961093;-2.7426396812199068;5.9476857812927975;-0.9850130438993152;-0.10261982299921554
139.616;0.0;-37.07932436961093;-2.7426396812199068;5.9476857812927975;-0.9850130438993152;-0.10261982299921554
139.736;0.0;-37.07932436961093;-2.7426396812199068;5.9476857812927975;-0.9850130438993152;-0.10261982299921554
139.851;0.0;-37.07932436961093;-2.7426396812199068;5.9476857812927975;-0.9850130438993152;-0.10261982299921554
139.956;0.0;-37.07932436961093;-2.7426396812199068;5.9476857812927975;-0.9850130438993152;-0.10261982299921554
140.073;0.0;-37.07932436961093;-2.7426396812199068;5.9476857812927975;-0.9850130438993152;-0.10261982299921554
140.185;0.0;-37.07932436961093;-2.7426396812199068;5.9476857812927975;-0.9850130438993152;-0.10261982299921554
140.292;0.0;-37.07932436961093;-2.7426396812199068;5.9476857812927975;-0.9850130438993152;-0.10261982299921554
140.394;0.0;-37.07932436961093;-2.7426396812199068;5.9476857812927975;-0.9850130438993152;-0.10261982299921554
140.494;0.0;-37.07932436961093;-2.7426396812199068;5.9476857812927975;-0.9850130438993152;-0.10261982299921554
140.596;0.0;-37.07932436961093;-2.7426396812199068;5.9476857812927975;-0.9850130438993152;-0.10261982299921554
140.696;0.0;-37.07932436961093;-2.7426396812199068;5.9476857812927975;-0.9850130438993152;-0.10261982299921554
140.796;0.0;-37.07932436961093;-2.7426396812199068;5.9476857812927975;-0.9850130438993152;-0.10261982299921554
140.897;0.0;-37.07932436961093;-2.7426396812199068;5.9476857812927975;-0.9850130438993152;-0.10261982299921554
141.001;0.0;-37.07932436961093;-2.7426396812199068;5.9476857812927975;-0.9850130438993152;-0.10261982299921554
141.103;0.0;-37.07932436961093;-2.7426396812199068;5.9476857812927975;-0.9850130438993152;-0.10261982299921554
141.204;0.0;-37.07932436961093;-2.7426396812199068;5.9476857812927975;-0.9850130438993152;-0.10261982299921554
141.31;0.0;-37.07932436961093;-2.7426396812199068;5.9476857812927975;-0.9850130438993152;-0.10261982299921554
141.415;0.0;-37.07932436961093;-2.7426396812199068;5.9476857812927975;-0.9850130438993152;-0.10261982299921554
141.523;0.0;-37.07932436961093;-2.7426396812199068;5.9476857812927975;-0.9850130438993152;-0.10261982299921554
141.624;0.0;-37.07932436961093;-2.7426396812199068;5.9476857812927975;-0.9850130438993152;-0.10261982299921554
141.734;0.0;-37.07932436961093;-2.7426396812199068;5.9476857812927975;-0.9850130438993152;-0.10261982299921554
141.847;0.0;-37.07932436961093;-2.7426396812199068;5.9476857812927975;-0.9850130438993152;-0.10261982299921554
141.95;0.0;-37.07932436961093;-2.7426396812199068;5.9476857812927975;-0.9850130438993152;-0.10261982299921554
142.053;0.0;-37.07932436961093;-2.7426396812199068;5.9476857812927975;-0.9850130438993152;-0.10261982299921554
142.164;0.0;-37.07932436961093;-2.7426396812199068;5.9476857812927975;-0.9850130438993152;-0.10261982299921554
142.266;0.0;-37.07932436961093;-2.7426396812199068;5.9476857812927975;-0.9850130438993152;-0.10261982299921554
142.383;0.0;-37.07932436961093;-2.7426396812199068;5.9476857812927975;-0.9850130438993152;-0.10261982299921554
142.496;0.0;-37.07932436961093;-2.7426396812199068;5.9476857812927975;-0.9850130438993152;-0.10261982299921554
142.605;0.0;-37.07932436961093;-2.7426396812199068;5.9476857812927975;-0.9850130438993152;-0.10261982299921554
142.71;0.0;-37.07932436961093;-2.7426396812199068;5.9476857812927975;-0.9850130438993152;-0.10261982299921554
142.819;0.0;-37.07932436961093;-2.7426396812199068;5.9476857812927975;-0.9850130438993152;-0.10261982299921554
142.929;0.0;-37.07932436961093;-2.7426396812199068;5.9476857812927975;-0.9850130438993152;-0.10261982299921554
143.04;0.0;-37.07932436961093;-2.7426396812199068;5.9476857812927975;-0.9850130438993152;-0.10261982299921554
143.15;0.0;-37.07932436961093;-2.7426396812199068;5.9476857812927975;-0.9850130438993152;-0.10261982299921554
143.257;0.0;-37.07932436961093;-2.7426396812199068;5.9476857812927975;-0.9850130438993152;-0.10261982299921554
143.37;0.0;-37.07932436961093;-2.7426396812199068;5.9476857812927975;-0.9850130438993152;-0.10261982299921554
143.479;0.0;-37.07932436961093;-2.7426396812199068;5.9476857812927975;-0.9850130438993152;-0.10261982299921554
143.59;0.0;-37.07932436961093;-2.7426396812199068;5.9476857812927975;-0.9850130438993152;-0.10261982299921554
143.698;0.0;-37.07932436961093;-2.7426396812199068;5.9476857812927975;-0.9850130438993152;-0.10261982299921554
143.809;0.0;-37.07932436961093;-2.7426396812199068;5.9476857812927975;-0.9850130438993152;-0.10261982299921554
143.91;0.0;-37.07932436961093;-2.7426396812199068;5.9476857812927975;-0.9850130438993152;-0.10261982299921554
144.011;0.0;-37.07932436961093;-2.7426396812199068;5.9476857812927975;-0.9850130438993152;-0.10261982299921554
144.124;0.0;-37.07932436961093;-2.7426396812199068;5.9476857812927975;-0.9850130438993152;-0.10261982299921554
144.233;0.0;-37.07932436961093;-2.7426396812199068;5.9476857812927975;-0.9850130438993152;-0.10261982299921554
144.345;0.0;-37.07932436961093;-2.7426396812199068;5.9476857812927975;-0.9850130438993152;-0.10261982299921554
144.451;0.0;-37.07932436961093;-2.7426396812199068;5.9476857812927975;-0.9850130438993152;-0.10261982299921554
144.565;0.0;-37.07932436961093;-2.7426396812199068;5.9476857812927975;-0.9850130438993152;-0.10261982299921554
144.676;0.0;-37.07932436961093;-2.7426396812199068;5.9476857812927975;-0.9850130438993152;-0.10261982299921554
144.789;0.0;-37.07932436961093;-2.7426396812199068;5.9476857812927975;-0.9850130438993152;-0.10261982299921554
144.903;0.0;-37.07932436961093;-2.7426396812199068;5.9476857812927975;-0.9850130438993152;-0.10261982299921554
145.01;0.0;-37.07932436961093;-2.7426396812199068;5.9476857812927975;-0.9850130438993152;-0.10261982299921554
145.111;0.0;-37.07932436961093;-2.7426396812199068;5.9476857812927975;-0.9850130438993152;-0.10261982299921554
145.214;0.0;-37.07932436961093;-2.7426396812199068;5.9476857812927975;-0.9850130438993152;-0.10261982299921554
145.332;0.0;-37.07932436961093;-2.7426396812199068;5.9476857812927975;-0.9850130438993152;-0.10261982299921554
145.444;0.0;-37.07932436961093;-2.7426396812199068;5.9476857812927975;-0.9850130438993152;-0.10261982299921554
145.549;0.0;-37.07932436961093;-2.7426396812199068;5.9476857812927975;-0.9850130438993152;-0.10261982299921554
145.663;0.0;-37.07932436961093;-2.7426396812199068;5.9476857812927975;-0.9850130438993152;-0.10261982299921554
145.773;0.0;-37.07932436961093;-2.7426396812199068;5.9476857812927975;-0.9850130438993152;-0.10261982299921554
145.885;0.0;-37.07932436961093;-2.7426396812199068;5.9476857812927975;-0.9850130438993152;-0.10261982299921554
145.985;0.0;-37.07932436961093;-2.7426396812199068;5.9476857812927975;-0.9850130438993152;-0.10261982299921554
146.094;0.0;-37.07932436961093;-2.7426396812199068;5.9476857812927975;-0.9850130438993152;-0.10261982299921554
146.2;0.0;-37.07932436961093;-2.7426396812199068;5.9476857812927975;-0.9850130438993152;-0.10261982299921554
146.311;0.0;-37.07932436961093;-2.7426396812199068;5.9476857812927975;-0.9850130438993152;-0.10261982299921554
146.427;0.0;-37.07932436961093;-2.7426396812199068;5.9476857812927975;-0.9850130438993152;-0.10261982299921554
146.534;0.0;-37.07932436961093;-2.7426396812199068;5.9476857812927975;-0.9850130438993152;-0.10261982299921554
146.644;0.0;-37.07932436961093;-2.7426396812199068;5.9476857812927975;-0.9850130438993152;-0.10261982299921554
146.758;0.0;-37.07932436961093;-2.7426396812199068;5.9476857812927975;-0.9850130438993152;-0.10261982299921554
146.867;0.0;-37.07932436961093;-2.7426396812199068;5.9476857812927975;-0.9850130438993152;-0.10261982299921554
146.967;0.0;-37.07932436961093;-2.7426396812199068;5.9476857812927975;-0.9850130438993152;-0.10261982299921554
147.073;0.0;-37.07932436961093;-2.7426396812199068;5.9476857812927975;-0.9850130438993152;-0.10261982299921554
147.187;0.0;-37.07932436961093;-2.7426396812199068;5.9476857812927975;-0.9850130438993152;-0.10261982299921554
147.298;0.0;-37.07932436961093;-2.7426396812199068;5.9476857812927975;-0.9850130438993152;-0.10261982299921554
147.409;0.0;-37.07932436961093;-2.7426396812199068;5.9476857812927975;-0.9850130438993152;-0.10261982299921554
147.523;0.0;-37.07932436961093;-2.7426396812199068;5.9476857812927975;-0.9850130438993152;-0.10261982299921554
147.63;0.0;-37.07932436961093;-2.7426396812199068;5.9476857812927975;-0.9850130438993152;-0.10261982299921554
147.741;0.0;-37.07932436961093;-2.7426396812199068;5.9476857812927975;-0.9850130438993152;-0.10261982299921554
147.842;0.0;-37.07932436961093;-2.7426396812199068;5.9476857812927975;-0.9850130438993152;-0.10261982299921554
147.948;0.0;-37.07932436961093;-2.7426396812199068;5.9476857812927975;-0.9850130438993152;-0.10261982299921554
148.063;0.0;-37.07932436961093;-2.7426396812199068;5.9476857812927975;-0.9850130438993152;-0.10261982299921554
148.169;0.0;-37.07932436961093;-2.7426396812199068;5.9476857812927975;-0.9850130438993152;-0.10261982299921554
148.286;0.0;-37.07932436961093;-2.7426396812199068;5.9476857812927975;-0.9850130438993152;-0.10261982299921554
148.394;0.0;-37.07932436961093;-2.7426396812199068;5.9476857812927975;-0.9850130438993152;-0.10261982299921554
148.506;0.0;-37.07932436961093;-2.7426396812199068;5.9476857812927975;-0.9850130438993152;-0.10261982299921554
148.617;0.0;-37.07932436961093;-2.7426396812199068;5.9476857812927975;-0.9850130438993152;-0.10261982299921554
148.729;0.0;-37.07932436961093;-2.7426396812199068;5.9476857812927975;-0.9850130438993152;-0.10261982299921554
148.829;0.0;-37.07932436961093;-2.7426396812199068;5.9476857812927975;-0.9850130438993152;-0.10261982299921554
148.93;0.0;-37.07932436961093;-2.7426396812199068;5.9476857812927975;-0.9850130438993152;-0.10261982299921554
149.043;0.0;-37.07932436961093;-2.7426396812199068;5.9476857812927975;-0.9850130438993152;-0.10261982299921554
149.156;0.0;-37.07932436961093;-2.7426396812199068;5.9476857812927975;-0.9850130438993152;-0.10261982299921554
149.266;0.0;-37.07932436961093;-2.7426396812199068;5.9476857812927975;-0.9850130438993152;-0.10261982299921554
149.367;0.0;-37.07932436961093;-2.7426396812199068;5.9476857812927975;-0.9850130438993152;-0.10261982299921554
149.477;0.0;-37.07932436961093;-2.7426396812199068;5.9476857812927975;-0.9850130438993152;-0.10261982299921554
149.586;0.0;-37.07932436961093;-2.7426396812199068;5.9476857812927975;-0.9850130438993152;-0.10261982299921554
149.687;0.0;-37.07932436961093;-2.7426396812199068;5.9476857812927975;-0.9850130438993152;-0.10261982299921554
149.787;0.0;-37.07932436961093;-2.7426396812199068;5.9476857812927975;-0.9850130438993152;-0.10261982299921554
149.888;0.0;-37.07932436961093;-2.7426396812199068;5.9476857812927975;-0.9850130438993152;-0.10261982299921554
149.988;0.0;-37.07932436961093;-2.7426396812199068;5.9476857812927975;-0.9850130438993152;-0.10261982299921554
150.088;0.0;-37.07932436961093;-2.7426396812199068;5.9476857812927975;-0.9850130438993152;-0.10261982299921554
150.195;0.0;-37.07932436961093;-2.7426396812199068;5.9476857812927975;-0.9850130438993152;-0.10261982299921554
150.295;0.0;-37.07932436961093;-2.7426396812199068;5.9476857812927975;-0.9850130438993152;-0.10261982299921554
150.401;0.0;-37.07932436961093;-2.7426396812199068;5.9476857812927975;-0.9850130438993152;-0.10261982299921554
150.512;0.0;-37.07932436961093;-2.7426396812199068;5.9476857812927975;-0.9850130438993152;-0.10261982299921554
150.623;0.0;-37.07932436961093;-2.7426396812199068;5.9476857812927975;-0.9850130438993152;-0.10261982299921554
150.728;0.0;-37.07932436961093;-2.7426396812199068;5.9476857812927975;-0.9850130438993152;-0.10261982299921554
150.83;0.0;-37.07932436961093;-2.7426396812199068;5.9476857812927975;-0.9850130438993152;-0.10261982299921554
150.936;0.0;-37.07932436961093;-2.7426396812199068;5.9476857812927975;-0.9850130438993152;-0.10261982299921554
151.038;0.0;-37.07932436961093;-2.7426396812199068;5.9476857812927975;-0.9850130438993152;-0.10261982299921554
151.141;0.0;-37.07932436961093;-2.7426396812199068;5.9476857812927975;-0.9850130438993152;-0.10261982299921554
151.256;0.0;-37.07932436961093;-2.7426396812199068;5.9476857812927975;-0.9850130438993152;-0.10261982299921554
151.363;0.0;-37.07932436961093;-2.7426396812199068;5.9476857812927975;-0.9850130438993152;-0.10261982299921554
151.47;0.0;-37.07932436961093;-2.7426396812199068;5.9476857812927975;-0.9850130438993152;-0.10261982299921554
151.585;0.0;-37.07932436961093;-2.7426396812199068;5.9476857812927975;-0.9850130438993152;-0.10261982299921554
151.696;0.0;-37.07932436961093;-2.7426396812199068;5.9476857812927975;-0.9850130438993152;-0.10261982299921554
151.808;0.0;-37.07932436961093;-2.7426396812199068;5.9476857812927975;-0.9850130438993152;-0.10261982299921554
151.911;0.0;-37.07932436961093;-2.7426396812199068;5.9476857812927975;-0.9850130438993152;-0.10261982299921554
152.013;0.0;-37.07932436961093;-2.7426396812199068;5.9476857812927975;-0.9850130438993152;-0.10261982299921554
152.114;0.0;-37.07932436961093;-2.7426396812199068;5.9476857812927975;-0.9850130438993152;-0.10261982299921554
152.233;0.0;-37.07932436961093;-2.7426396812199068;5.9476857812927975;-0.9850130438993152;-0.10261982299921554
152.349;0.0;-37.07932436961093;-2.7426396812199068;5.9476857812927975;-0.9850130438993152;-0.10261982299921554
152.457;0.0;-37.07932436961093;-2.7426396812199068;5.9476857812927975;-0.9850130438993152;-0.10261982299921554
152.572;0.0;-37.07932436961093;-2.7426396812199068;5.9476857812927975;-0.9850130438993152;-0.10261982299921554
152.682;0.0;-37.07932436961093;-2.7426396812199068;5.9476857812927975;-0.9850130438993152;-0.10261982299921554
152.788;0.0;-37.07932436961093;-2.7426396812199068;5.9476857812927975;-0.9850130438993152;-0.10261982299921554
152.888;0.0;-37.07932436961093;-2.7426396812199068;5.9476857812927975;-0.9850130438993152;-0.10261982299921554
152.997;0.0;-37.07932436961093;-2.7426396812199068;5.9476857812927975;-0.9850130438993152;-0.10261982299921554
153.105;0.0;-37.07932436961093;-2.7426396812199068;5.9476857812927975;-0.9850130438993152;-0.10261982299921554
153.217;0.0;-37.07932436961093;-2.7426396812199068;5.9476857812927975;-0.9850130438993152;-0.10261982299921554
153.325;0.0;-37.07932436961093;-2.7426396812199068;5.9476857812927975;-0.9850130438993152;-0.10261982299921554
153.439;0.0;-37.07932436961093;-2.7426396812199068;5.9476857812927975;-0.9850130438993152;-0.10261982299921554
153.547;0.0;-37.07932436961093;-2.7426396812199068;5.9476857812927975;-0.9850130438993152;-0.10261982299921554
153.66;0.0;-37.07932436961093;-2.7426396812199068;5.9476857812927975;-0.9850130438993152;-0.10261982299921554
153.768;0.0;-37.07932436961093;-2.7426396812199068;5.9476857812927975;-0.9850130438993152;-0.10261982299921554
153.881;0.0;-37.07932436961093;-2.7426396812199068;5.9476857812927975;-0.9850130438993152;-0.10261982299921554
153.987;0.0;-37.07932436961093;-2.7426396812199068;5.9476857812927975;-0.9850130438993152;-0.10261982299921554
154.102;0.0;-37.07932436961093;-2.7426396812199068;5.9476857812927975;-0.9850130438993152;-0.10261982299921554
154.216;0.0;-37.07932436961093;-2.7426396812199068;5.9476857812927975;-0.9850130438993152;-0.10261982299921554
154.324;0.0;-37.07932436961093;-2.7426396812199068;5.9476857812927975;-0.9850130438993152;-0.10261982299921554
154.433;0.0;-37.07932436961093;-2.7426396812199068;5.9476857812927975;-0.9850130438993152;-0.10261982299921554
154.548;0.0;-37.07932436961093;-2.7426396812199068;5.9476857812927975;-0.9850130438993152;-0.10261982299921554
154.658;0.0;-37.07932436961093;-2.7426396812199068;5.9476857812927975;-0.9850130438993152;-0.10261982299921554
154.767;0.0;-37.07932436961093;-2.7426396812199068;5.9476857812927975;-0.9850130438993152;-0.10261982299921554
154.878;0.0;-37.07932436961093;-2.7426396812199068;5.9476857812927975;-0.9850130438993152;-0.10261982299921554
154.993;0.0;-37.07932436961093;-2.7426396812199068;5.9476857812927975;-0.9850130438993152;-0.10261982299921554
155.102;0.0;-37.07932436961093;-2.7426396812199068;5.9476857812927975;-0.9850130438993152;-0.10261982299921554
155.205;0.0;-37.07932436961093;-2.7426396812199068;5.9476857812927975;-0.9850130438993152;-0.10261982299921554
155.308;0.0;-37.07932436961093;-2.7426396812199068;5.9476857812927975;-0.9850130438993152;-0.10261982299921554
155.42;0.0;-37.07932436961093;-2.7426396812199068;5.9476857812927975;-0.9850130438993152;-0.10261982299921554
155.535;0.0;-37.07932436961093;-2.7426396812199068;5.9476857812927975;-0.9850130438993152;-0.10261982299921554
155.643;0.0;-37.07932436961093;-2.7426396812199068;5.9476857812927975;-0.9850130438993152;-0.10261982299921554
155.757;0.0;-37.07932436961093;-2.7426396812199068;5.9476857812927975;-0.9850130438993152;-0.10261982299921554
155.862;0.0;-37.07932436961093;-2.7426396812199068;5.9476857812927975;-0.9850130438993152;-0.10261982299921554
155.974;0.0;-37.07932436961093;-2.7426396812199068;5.9476857812927975;-0.9850130438993152;-0.10261982299921554
156.075;0.0;-37.07932436961093;-2.7426396812199068;5.9476857812927975;-0.9850130438993152;-0.10261982299921554
156.185;0.0;-37.07932436961093;-2.7426396812199068;5.9476857812927975;-0.9850130438993152;-0.10261982299921554
156.293;0.0;-37.07932436961093;-2.7426396812199068;5.9476857812927975;-0.9850130438993152;-0.10261982299921554
156.405;0.0;-37.07932436961093;-2.7426396812199068;5.9476857812927975;-0.9850130438993152;-0.10261982299921554
156.517;0.0;-37.07932436961093;-2.7426396812199068;5.9476857812927975;-0.9850130438993152;-0.10261982299921554
156.618;0.0;-37.07932436961093;-2.7426396812199068;5.9476857812927975;-0.9850130438993152;-0.10261982299921554
156.726;0.0;-37.07932436961093;-2.7426396812199068;5.9476857812927975;-0.9850130438993152;-0.10261982299921554
156.836;0.0;-37.07932436961093;-2.7426396812199068;5.9476857812927975;-0.9850130438993152;-0.10261982299921554
156.94;0.0;-37.07932436961093;-2.7426396812199068;5.9476857812927975;-0.9850130438993152;-0.10261982299921554
157.041;0.0;-37.07932436961093;-2.7426396812199068;5.9476857812927975;-0.9850130438993152;-0.10261982299921554
157.141;0.0;-37.07932436961093;-2.7426396812199068;5.9476857812927975;-0.9850130438993152;-0.10261982299921554
157.242;0.0;-37.07932436961093;-2.7426396812199068;5.9476857812927975;-0.9850130438993152;-0.10261982299921554
157.343;0.0;-37.07932436961093;-2.7426396812199068;5.9476857812927975;-0.9850130438993152;-0.10261982299921554
157.443;0.0;-37.07932436961093;-2.7426396812199068;5.9476857812927975;-0.9850130438993152;-0.10261982299921554
157.544;0.0;-37.07932436961093;-2.7426396812199068;5.9476857812927975;-0.9850130438993152;-0.10261982299921554
157.645;0.0;-37.07932436961093;-2.7426396812199068;5.9476857812927975;-0.9850130438993152;-0.10261982299921554
157.751;0.0;-37.07932436961093;-2.7426396812199068;5.9476857812927975;-0.9850130438993152;-0.10261982299921554
157.851;0.0;-37.07932436961093;-2.7426396812199068;5.9476857812927975;-0.9850130438993152;-0.10261982299921554
157.955;0.0;-37.07932436961093;-2.7426396812199068;5.9476857812927975;-0.9850130438993152;-0.10261982299921554
158.066;0.0;-37.07932436961093;-2.7426396812199068;5.9476857812927975;-0.9850130438993152;-0.10261982299921554
158.167;0.0;-37.07932436961093;-2.7426396812199068;5.9476857812927975;-0.9850130438993152;-0.10261982299921554
158.268;0.0;-37.07932436961093;-2.7426396812199068;5.9476857812927975;-0.9850130438993152;-0.10261982299921554
158.379;0.0;-37.07932436961093;-2.7426396812199068;5.9476857812927975;-0.9850130438993152;-0.10261982299921554
158.489;0.0;-37.07932436961093;-2.7426396812199068;5.9476857812927975;-0.9850130438993152;-0.10261982299921554
158.602;0.0;-37.07932436961093;-2.7426396812199068;5.9476857812927975;-0.9850130438993152;-0.10261982299921554
158.711;0.0;-37.07932436961093;-2.7426396812199068;5.9476857812927975;-0.9850130438993152;-0.10261982299921554
158.821;0.0;-37.07932436961093;-2.7426396812199068;5.9476857812927975;-0.9850130438993152;-0.10261982299921554
158.924;0.0;-37.07932436961093;-2.7426396812199068;5.9476857812927975;-0.9850130438993152;-0.10261982299921554
159.025;0.0;-37.07932436961093;-2.7426396812199068;5.9476857812927975;-0.9850130438993152;-0.10261982299921554
159.141;0.0;-37.07932436961093;-2.7426396812199068;5.9476857812927975;-0.9850130438993152;-0.10261982299921554
159.245;0.0;-37.07932436961093;-2.7426396812199068;5.9476857812927975;-0.9850130438993152;-0.10261982299921554
159.354;0.0;-37.07932436961093;-2.7426396812199068;5.9476857812927975;-0.9850130438993152;-0.10261982299921554
159.454;0.0;-37.07932436961093;-2.7426396812199068;5.9476857812927975;-0.9850130438993152;-0.10261982299921554
159.555;0.0;-37.07932436961093;-2.7426396812199068;5.9476857812927975;-0.9850130438993152;-0.10261982299921554
159.655;0.0;-37.07932436961093;-2.7426396812199068;5.9476857812927975;-0.9850130438993152;-0.10261982299921554
159.756;0.0;-37.07932436961093;-2.7426396812199068;5.9476857812927975;-0.9850130438993152;-0.10261982299921554
159.858;0.0;-37.07932436961093;-2.7426396812199068;5.9476857812927975;-0.9850130438993152;-0.10261982299921554
159.96;0.0;-37.07932436961093;-2.7426396812199068;5.9476857812927975;-0.9850130438993152;-0.10261982299921554
160.06;0.0;-37.07932436961093;-2.7426396812199068;5.9476857812927975;-0.9850130438993152;-0.10261982299921554
160.168;0.0;-37.07932436961093;-2.7426396812199068;5.9476857812927975;-0.9850130438993152;-0.10261982299921554
160.277;0.0;-37.07932436961093;-2.7426396812199068;5.9476857812927975;-0.9850130438993152;-0.10261982299921554
160.382;0.0;-37.07932436961093;-2.7426396812199068;5.9476857812927975;-0.9850130438993152;-0.10261982299921554
160.482;0.0;-37.07932436961093;-2.7426396812199068;5.9476857812927975;-0.9850130438993152;-0.10261982299921554
160.583;0.0;-37.07932436961093;-2.7426396812199068;5.9476857812927975;-0.9850130438993152;-0.10261982299921554
160.69;0.0;-37.07932436961093;-2.7426396812199068;5.9476857812927975;-0.9850130438993152;-0.10261982299921554
160.8;0.0;-37.07932436961093;-2.7426396812199068;5.9476857812927975;-0.9850130438993152;-0.10261982299921554
160.915;0.0;-37.07932436961093;-2.7426396812199068;5.9476857812927975;-0.9850130438993152;-0.10261982299921554
161.028;0.0;-37.07932436961093;-2.7426396812199068;5.9476857812927975;-0.9850130438993152;-0.10261982299921554
161.138;0.0;-37.07932436961093;-2.7426396812199068;5.9476857812927975;-0.9850130438993152;-0.10261982299921554
161.247;0.0;-37.07932436961093;-2.7426396812199068;5.9476857812927975;-0.9850130438993152;-0.10261982299921554
161.35;0.0;-37.07932436961093;-2.7426396812199068;5.9476857812927975;-0.9850130438993152;-0.10261982299921554
161.452;0.0;-37.07932436961093;-2.7426396812199068;5.9476857812927975;-0.9850130438993152;-0.10261982299921554
161.572;0.0;-37.07932436961093;-2.7426396812199068;5.9476857812927975;-0.9850130438993152;-0.10261982299921554
161.679;0.0;-37.07932436961093;-2.7426396812199068;5.9476857812927975;-0.9850130438993152;-0.10261982299921554
161.786;0.0;-37.07932436961093;-2.7426396812199068;5.9476857812927975;-0.9850130438993152;-0.10261982299921554
161.893;0.0;-37.07932436961093;-2.7426396812199068;5.9476857812927975;-0.9850130438993152;-0.10261982299921554
162.017;0.0;-37.07932436961093;-2.7426396812199068;5.9476857812927975;-0.9850130438993152;-0.10261982299921554
162.121;0.0;-37.07932436961093;-2.7426396812199068;5.9476857812927975;-0.9850130438993152;-0.10261982299921554
162.234;0.0;-37.07932436961093;-2.7426396812199068;5.9476857812927975;-0.9850130438993152;-0.10261982299921554
162.342;0.0;-37.07932436961093;-2.7426396812199068;5.9476857812927975;-0.9850130438993152;-0.10261982299921554
162.451;0.0;-37.07932436961093;-2.7426396812199068;5.9476857812927975;-0.9850130438993152;-0.10261982299921554
162.554;0.0;-37.07932436961093;-2.7426396812199068;5.9476857812927975;-0.9850130438993152;-0.10261982299921554
162.662;0.0;-37.07932436961093;-2.7426396812199068;5.9476857812927975;-0.9850130438993152;-0.10261982299921554
162.774;0.0;-37.07932436961093;-2.7426396812199068;5.9476857812927975;-0.9850130438993152;-0.10261982299921554
162.88;0.0;-37.07932436961093;-2.7426396812199068;5.9476857812927975;-0.9850130438993152;-0.10261982299921554
162.995;0.0;-37.07932436961093;-2.7426396812199068;5.9476857812927975;-0.9850130438993152;-0.10261982299921554
163.107;0.0;-37.07932436961093;-2.7426396812199068;5.9476857812927975;-0.9850130438993152;-0.10261982299921554
163.214;0.0;-37.07932436961093;-2.7426396812199068;5.9476857812927975;-0.9850130438993152;-0.10261982299921554
163.315;0.0;-37.07932436961093;-2.7426396812199068;5.9476857812927975;-0.9850130438993152;-0.10261982299921554
163.427;0.0;-37.07932436961093;-2.7426396812199068;5.9476857812927975;-0.9850130438993152;-0.10261982299921554
163.55;0.0;-37.07932436961093;-2.7426396812199068;5.9476857812927975;-0.9850130438993152;-0.10261982299921554
163.661;0.0;-37.07932436961093;-2.7426396812199068;5.9476857812927975;-0.9850130438993152;-0.10261982299921554
163.77;0.0;-37.07932436961093;-2.7426396812199068;5.9476857812927975;-0.9850130438993152;-0.10261982299921554
163.881;0.0;-37.07932436961093;-2.7426396812199068;5.9476857812927975;-0.9850130438993152;-0.10261982299921554
163.982;0.0;-37.07932436961093;-2.7426396812199068;5.9476857812927975;-0.9850130438993152;-0.10261982299921554
164.091;0.0;-37.07932436961093;-2.7426396812199068;5.9476857812927975;-0.9850130438993152;-0.10261982299921554
164.203;0.0;-37.07932436961093;-2.7426396812199068;5.9476857812927975;-0.9850130438993152;-0.10261982299921554
164.303;0.0;-37.07932436961093;-2.7426396812199068;5.9476857812927975;-0.9850130438993152;-0.10261982299921554
164.411;0.0;-37.07932436961093;-2.7426396812199068;5.9476857812927975;-0.9850130438993152;-0.10261982299921554
164.518;0.0;-37.07932436961093;-2.7426396812199068;5.9476857812927975;-0.9850130438993152;-0.10261982299921554
164.619;0.0;-37.07932436961093;-2.7426396812199068;5.9476857812927975;-0.9850130438993152;-0.10261982299921554
164.719;0.0;-37.07932436961093;-2.7426396812199068;5.9476857812927975;-0.9850130438993152;-0.10261982299921554
164.82;0.0;-37.07932436961093;-2.7426396812199068;5.9476857812927975;-0.9850130438993152;-0.10261982299921554
164.921;0.0;-37.07932436961093;-2.7426396812199068;5.9476857812927975;-0.9850130438993152;-0.10261982299921554
165.021;0.0;-37.07932436961093;-2.7426396812199068;5.9476857812927975;-0.9850130438993152;-0.10261982299921554
165.122;0.0;-37.07932436961093;-2.7426396812199068;5.9476857812927975;-0.9850130438993152;-0.10261982299921554
165.227;0.0;-37.07932436961093;-2.7426396812199068;5.9476857812927975;-0.9850130438993152;-0.10261982299921554
165.327;0.0;-37.07932436961093;-2.7426396812199068;5.9476857812927975;-0.9850130438993152;-0.10261982299921554
165.434;0.0;-37.07932436961093;-2.7426396812199068;5.9476857812927975;-0.9850130438993152;-0.10261982299921554
165.544;0.0;-37.07932436961093;-2.7426396812199068;5.9476857812927975;-0.9850130438993152;-0.10261982299921554
165.644;0.0;-37.07932436961093;-2.7426396812199068;5.9476857812927975;-0.9850130438993152;-0.10261982299921554
165.752;0.0;-37.07932436961093;-2.7426396812199068;5.9476857812927975;-0.9850130438993152;-0.10261982299921554
165.853;0.0;-37.07932436961093;-2.7426396812199068;5.9476857812927975;-0.9850130438993152;-0.10261982299921554
165.954;0.0;-37.07932436961093;-2.7426396812199068;5.9476857812927975;-0.9850130438993152;-0.10261982299921554
166.072;0.0;-37.07932436961093;-2.7426396812199068;5.9476857812927975;-0.9850130438993152;-0.10261982299921554
166.178;0.0;-37.07932436961093;-2.7426396812199068;5.9476857812927975;-0.9850130438993152;-0.10261982299921554
166.288;0.0;-37.07932436961093;-2.7426396812199068;5.9476857812927975;-0.9850130438993152;-0.10261982299921554
166.401;0.0;-37.07932436961093;-2.7426396812199068;5.9476857812927975;-0.9850130438993152;-0.10261982299921554
166.502;0.0;-37.07932436961093;-2.7426396812199068;5.9476857812927975;-0.9850130438993152;-0.10261982299921554
166.605;0.0;-37.07932436961093;-2.7426396812199068;5.9476857812927975;-0.9850130438993152;-0.10261982299921554
166.72;0.0;-37.07932436961093;-2.7426396812199068;5.9476857812927975;-0.9850130438993152;-0.10261982299921554
166.828;0.0;-37.07932436961093;-2.7426396812199068;5.9476857812927975;-0.9850130438993152;-0.10261982299921554
166.94;0.0;-37.07932436961093;-2.7426396812199068;5.9476857812927975;-0.9850130438993152;-0.10261982299921554
167.055;0.0;-37.07932436961093;-2.7426396812199068;5.9476857812927975;-0.9850130438993152;-0.10261982299921554
167.163;0.0;-37.07932436961093;-2.7426396812199068;5.9476857812927975;-0.9850130438993152;-0.10261982299921554
167.273;0.0;-37.07932436961093;-2.7426396812199068;5.9476857812927975;-0.9850130438993152;-0.10261982299921554
167.389;0.0;-37.07932436961093;-2.7426396812199068;5.9476857812927975;-0.9850130438993152;-0.10261982299921554
167.496;0.0;-37.07932436961093;-2.7426396812199068;5.9476857812927975;-0.9850130438993152;-0.10261982299921554
167.606;0.0;-37.07932436961093;-2.7426396812199068;5.9476857812927975;-0.9850130438993152;-0.10261982299921554
167.707;0.0;-37.07932436961093;-2.7426396812199068;5.9476857812927975;-0.9850130438993152;-0.10261982299921554
167.811;0.0;-37.07932436961093;-2.7426396812199068;5.9476857812927975;-0.9850130438993152;-0.10261982299921554
167.941;0.0;-37.07932436961093;-2.7426396812199068;5.9476857812927975;-0.9850130438993152;-0.10261982299921554
168.042;0.0;-37.07932436961093;-2.7426396812199068;5.9476857812927975;-0.9850130438993152;-0.10261982299921554
168.163;0.0;-37.07932436961093;-2.7426396812199068;5.9476857812927975;-0.9850130438993152;-0.10261982299921554
168.277;0.0;-37.07932436961093;-2.7426396812199068;5.9476857812927975;-0.9850130438993152;-0.10261982299921554
168.378;0.0;-37.07932436961093;-2.7426396812199068;5.9476857812927975;-0.9850130438993152;-0.10261982299921554
168.48;0.0;-37.07932436961093;-2.7426396812199068;5.9476857812927975;-0.9850130438993152;-0.10261982299921554
168.581;0.0;-37.07932436961093;-2.7426396812199068;5.9476857812927975;-0.9850130438993152;-0.10261982299921554
168.706;0.0;-37.07932436961093;-2.7426396812199068;5.9476857812927975;-0.9850130438993152;-0.10261982299921554
168.814;0.0;-37.07932436961093;-2.7426396812199068;5.9476857812927975;-0.9850130438993152;-0.10261982299921554
168.922;0.0;-37.07932436961093;-2.7426396812199068;5.9476857812927975;-0.9850130438993152;-0.10261982299921554
169.038;0.0;-37.07932436961093;-2.7426396812199068;5.9476857812927975;-0.9850130438993152;-0.10261982299921554
169.147;0.0;-37.07932436961093;-2.7426396812199068;5.9476857812927975;-0.9850130438993152;-0.10261982299921554
169.258;0.0;-37.07932436961093;-2.7426396812199068;5.9476857812927975;-0.9850130438993152;-0.10261982299921554
169.366;0.0;-37.07932436961093;-2.7426396812199068;5.9476857812927975;-0.9850130438993152;-0.10261982299921554
169.48;0.0;-37.07932436961093;-2.7426396812199068;5.9476857812927975;-0.9850130438993152;-0.10261982299921554
169.586;0.0;-37.07932436961093;-2.7426396812199068;5.9476857812927975;-0.9850130438993152;-0.10261982299921554
169.686;0.0;-37.07932436961093;-2.7426396812199068;5.9476857812927975;-0.9850130438993152;-0.10261982299921554
169.799;0.0;-37.07932436961093;-2.7426396812199068;5.9476857812927975;-0.9850130438993152;-0.10261982299921554
169.906;0.0;-37.07932436961093;-2.7426396812199068;5.9476857812927975;-0.9850130438993152;-0.10261982299921554
170.015;0.0;-37.07932436961093;-2.7426396812199068;5.9476857812927975;-0.9850130438993152;-0.10261982299921554
170.128;0.0;-37.07932436961093;-2.7426396812199068;5.9476857812927975;-0.9850130438993152;-0.10261982299921554
170.241;0.0;-37.07932436961093;-2.7426396812199068;5.9476857812927975;-0.9850130438993152;-0.10261982299921554
170.351;0.0;-37.07932436961093;-2.7426396812199068;5.9476857812927975;-0.9850130438993152;-0.10261982299921554
170.454;0.0;-37.07932436961093;-2.7426396812199068;5.9476857812927975;-0.9850130438993152;-0.10261982299921554
170.567;0.0;-37.07932436961093;-2.7426396812199068;5.9476857812927975;-0.9850130438993152;-0.10261982299921554
170.672;0.0;-37.07932436961093;-2.7426396812199068;5.9476857812927975;-0.9850130438993152;-0.10261982299921554
170.783;0.0;-37.07932436961093;-2.7426396812199068;5.9476857812927975;-0.9850130438993152;-0.10261982299921554
170.89;0.0;-37.07932436961093;-2.7426396812199068;5.9476857812927975;-0.9850130438993152;-0.10261982299921554
171.004;0.0;-37.07932436961093;-2.7426396812199068;5.9476857812927975;-0.9850130438993152;-0.10261982299921554
171.118;0.0;-37.07932436961093;-2.7426396812199068;5.9476857812927975;-0.9850130438993152;-0.10261982299921554
171.225;0.0;-37.07932436961093;-2.7426396812199068;5.9476857812927975;-0.9850130438993152;-0.10261982299921554
171.341;0.0;-37.07932436961093;-2.7426396812199068;5.9476857812927975;-0.9850130438993152;-0.10261982299921554
171.451;0.0;-37.07932436961093;-2.7426396812199068;5.9476857812927975;-0.9850130438993152;-0.10261982299921554
171.562;0.0;-37.07932436961093;-2.7426396812199068;5.9476857812927975;-0.9850130438993152;-0.10261982299921554
171.668;0.0;-37.07932436961093;-2.7426396812199068;5.9476857812927975;-0.9850130438993152;-0.10261982299921554
171.776;0.0;-37.07932436961093;-2.7426396812199068;5.9476857812927975;-0.9850130438993152;-0.10261982299921554
171.879;0.0;-37.07932436961093;-2.7426396812199068;5.9476857812927975;-0.9850130438993152;-0.10261982299921554
171.983;0.0;-37.07932436961093;-2.7426396812199068;5.9476857812927975;-0.9850130438993152;-0.10261982299921554
172.083;0.0;-37.07932436961093;-2.7426396812199068;5.9476857812927975;-0.9850130438993152;-0.10261982299921554
172.192;0.0;-37.07932436961093;-2.7426396812199068;5.9476857812927975;-0.9850130438993152;-0.10261982299921554
172.302;0.0;-37.07932436961093;-2.7426396812199068;5.9476857812927975;-0.9850130438993152;-0.10261982299921554
172.408;0.0;-37.07932436961093;-2.7426396812199068;5.9476857812927975;-0.9850130438993152;-0.10261982299921554
172.519;0.0;-37.07932436961093;-2.7426396812199068;5.9476857812927975;-0.9850130438993152;-0.10261982299921554
172.628;0.0;-37.07932436961093;-2.7426396812199068;5.9476857812927975;-0.9850130438993152;-0.10261982299921554
172.741;0.0;-37.07932436961093;-2.7426396812199068;5.9476857812927975;-0.9850130438993152;-0.10261982299921554
172.848;0.0;-37.07932436961093;-2.7426396812199068;5.9476857812927975;-0.9850130438993152;-0.10261982299921554
172.949;0.0;-37.07932436961093;-2.7426396812199068;5.9476857812927975;-0.9850130438993152;-0.10261982299921554
173.049;0.0;-37.07932436961093;-2.7426396812199068;5.9476857812927975;-0.9850130438993152;-0.10261982299921554
173.149;0.0;-37.07932436961093;-2.7426396812199068;5.9476857812927975;-0.9850130438993152;-0.10261982299921554
173.25;0.0;-37.07932436961093;-2.7426396812199068;5.9476857812927975;-0.9850130438993152;-0.10261982299921554
173.35;0.0;-37.07932436961093;-2.7426396812199068;5.9476857812927975;-0.9850130438993152;-0.10261982299921554
173.452;0.0;-37.07932436961093;-2.7426396812199068;5.9476857812927975;-0.9850130438993152;-0.10261982299921554
173.557;0.0;-37.07932436961093;-2.7426396812199068;5.9476857812927975;-0.9850130438993152;-0.10261982299921554
173.66;0.0;-37.07932436961093;-2.7426396812199068;5.9476857812927975;-0.9850130438993152;-0.10261982299921554
173.761;0.0;-37.07932436961093;-2.7426396812199068;5.9476857812927975;-0.9850130438993152;-0.10261982299921554
173.863;0.0;-37.07932436961093;-2.7426396812199068;5.9476857812927975;-0.9850130438993152;-0.10261982299921554
173.976;0.0;-37.07932436961093;-2.7426396812199068;5.9476857812927975;-0.9850130438993152;-0.10261982299921554
174.081;0.0;-37.07932436961093;-2.7426396812199068;5.9476857812927975;-0.9850130438993152;-0.10261982299921554
174.192;0.0;-37.07932436961093;-2.7426396812199068;5.9476857812927975;-0.9850130438993152;-0.10261982299921554
174.302;0.0;-37.07932436961093;-2.7426396812199068;5.9476857812927975;-0.9850130438993152;-0.10261982299921554
174.404;0.0;-37.07932436961093;-2.7426396812199068;5.9476857812927975;-0.9850130438993152;-0.10261982299921554
174.505;0.0;-37.07932436961093;-2.7426396812199068;5.9476857812927975;-0.9850130438993152;-0.10261982299921554
174.605;0.0;-37.07932436961093;-2.7426396812199068;5.9476857812927975;-0.9850130438993152;-0.10261982299921554
174.715;0.0;-37.07932436961093;-2.7426396812199068;5.9476857812927975;-0.9850130438993152;-0.10261982299921554
174.843;0.0;-37.07932436961093;-2.7426396812199068;5.9476857812927975;-0.9850130438993152;-0.10261982299921554
174.948;0.0;-37.07932436961093;-2.7426396812199068;5.9476857812927975;-0.9850130438993152;-0.10261982299921554
175.066;0.0;-37.07932436961093;-2.7426396812199068;5.9476857812927975;-0.9850130438993152;-0.10261982299921554
175.176;0.0;-37.07932436961093;-2.7426396812199068;5.9476857812927975;-0.9850130438993152;-0.10261982299921554
175.286;0.0;-37.07932436961093;-2.7426396812199068;5.9476857812927975;-0.9850130438993152;-0.10261982299921554
175.393;0.0;-37.07932436961093;-2.7426396812199068;5.9476857812927975;-0.9850130438993152;-0.10261982299921554
175.508;0.0;-37.07932436961093;-2.7426396812199068;5.9476857812927975;-0.9850130438993152;-0.10261982299921554
175.617;0.0;-37.07932436961093;-2.7426396812199068;5.9476857812927975;-0.9850130438993152;-0.10261982299921554
175.73;0.0;-37.07932436961093;-2.7426396812199068;5.9476857812927975;-0.9850130438993152;-0.10261982299921554
175.84;0.0;-37.07932436961093;-2.7426396812199068;5.9476857812927975;-0.9850130438993152;-0.10261982299921554
175.955;0.0;-37.07932436961093;-2.7426396812199068;5.9476857812927975;-0.9850130438993152;-0.10261982299921554
176.064;0.0;-37.07932436961093;-2.7426396812199068;5.9476857812927975;-0.9850130438993152;-0.10261982299921554
176.172;0.0;-37.07932436961093;-2.7426396812199068;5.9476857812927975;-0.9850130438993152;-0.10261982299921554
176.272;0.0;-37.07932436961093;-2.7426396812199068;5.9476857812927975;-0.9850130438993152;-0.10261982299921554
176.378;0.0;-37.07932436961093;-2.7426396812199068;5.9476857812927975;-0.9850130438993152;-0.10261982299921554
176.479;0.0;-37.07932436961093;-2.7426396812199068;5.9476857812927975;-0.9850130438993152;-0.10261982299921554
176.587;0.0;-37.07932436961093;-2.7426396812199068;5.9476857812927975;-0.9850130438993152;-0.10261982299921554
176.688;0.0;-37.07932436961093;-2.7426396812199068;5.9476857812927975;-0.9850130438993152;-0.10261982299921554
176.788;0.0;-37.07932436961093;-2.7426396812199068;5.9476857812927975;-0.9850130438993152;-0.10261982299921554
176.889;0.0;-37.07932436961093;-2.7426396812199068;5.9476857812927975;-0.9850130438993152;-0.10261982299921554
176.989;0.0;-37.07932436961093;-2.7426396812199068;5.9476857812927975;-0.9850130438993152;-0.10261982299921554
177.09;0.0;-37.07932436961093;-2.7426396812199068;5.9476857812927975;-0.9850130438993152;-0.10261982299921554
177.194;0.0;-37.07932436961093;-2.7426396812199068;5.9476857812927975;-0.9850130438993152;-0.10261982299921554
177.297;0.0;-37.07932436961093;-2.7426396812199068;5.9476857812927975;-0.9850130438993152;-0.10261982299921554
177.4;0.0;-37.07932436961093;-2.7426396812199068;5.9476857812927975;-0.9850130438993152;-0.10261982299921554
177.509;0.0;-37.07932436961093;-2.7426396812199068;5.9476857812927975;-0.9850130438993152;-0.10261982299921554
177.612;0.0;-37.07932436961093;-2.7426396812199068;5.9476857812927975;-0.9850130438993152;-0.10261982299921554
177.717;0.0;-37.07932436961093;-2.7426396812199068;5.9476857812927975;-0.9850130438993152;-0.10261982299921554
177.827;0.0;-37.07932436961093;-2.7426396812199068;5.9476857812927975;-0.9850130438993152;-0.10261982299921554
177.931;0.0;-37.07932436961093;-2.7426396812199068;5.9476857812927975;-0.9850130438993152;-0.10261982299921554
178.051;0.0;-37.07932436961093;-2.7426396812199068;5.9476857812927975;-0.9850130438993152;-0.10261982299921554
178.16;0.0;-37.07932436961093;-2.7426396812199068;5.9476857812927975;-0.9850130438993152;-0.10261982299921554
178.261;0.0;-37.07932436961093;-2.7426396812199068;5.9476857812927975;-0.9850130438993152;-0.10261982299921554
178.386;0.0;-37.07932436961093;-2.7426396812199068;5.9476857812927975;-0.9850130438993152;-0.10261982299921554
178.495;0.0;-37.07932436961093;-2.7426396812199068;5.9476857812927975;-0.9850130438993152;-0.10261982299921554
178.596;0.0;-37.07932436961093;-2.7426396812199068;5.9476857812927975;-0.9850130438993152;-0.10261982299921554
178.707;0.0;-37.07932436961093;-2.7426396812199068;5.9476857812927975;-0.9850130438993152;-0.10261982299921554
178.815;0.0;-37.07932436961093;-2.7426396812199068;5.9476857812927975;-0.9850130438993152;-0.10261982299921554
178.923;0.0;-37.07932436961093;-2.7426396812199068;5.9476857812927975;-0.9850130438993152;-0.10261982299921554
179.035;0.0;-37.07932436961093;-2.7426396812199068;5.9476857812927975;-0.9850130438993152;-0.10261982299921554
179.147;0.0;-37.07932436961093;-2.7426396812199068;5.9476857812927975;-0.9850130438993152;-0.10261982299921554
179.259;0.0;-37.07932436961093;-2.7426396812199068;5.9476857812927975;-0.9850130438993152;-0.10261982299921554
179.37;0.0;-37.07932436961093;-2.7426396812199068;5.9476857812927975;-0.9850130438993152;-0.10261982299921554
179.47;0.0;-37.07932436961093;-2.7426396812199068;5.9476857812927975;-0.9850130438993152;-0.10261982299921554
179.575;0.0;-37.07932436961093;-2.7426396812199068;5.9476857812927975;-0.9850130438993152;-0.10261982299921554
179.69;0.0;-37.07932436961093;-2.7426396812199068;5.9476857812927975;-0.9850130438993152;-0.10261982299921554
179.798;0.0;-37.07932436961093;-2.7426396812199068;5.9476857812927975;-0.9850130438993152;-0.10261982299921554
179.916;0.0;-37.07932436961093;-2.7426396812199068;5.9476857812927975;-0.9850130438993152;-0.10261982299921554
180.023;0.0;-37.07932436961093;-2.7426396812199068;5.9476857812927975;-0.9850130438993152;-0.10261982299921554
180.124;0.0;-37.07932436961093;-2.7426396812199068;5.9476857812927975;-0.9850130438993152;-0.10261982299921554
180.229;0.0;-37.07932436961093;-2.7426396812199068;5.9476857812927975;-0.9850130438993152;-0.10261982299921554
180.34;0.0;-37.07932436961093;-2.7426396812199068;5.9476857812927975;-0.9850130438993152;-0.10261982299921554
180.454;0.0;-37.07932436961093;-2.7426396812199068;5.9476857812927975;-0.9850130438993152;-0.10261982299921554
180.562;0.0;-37.07932436961093;-2.7426396812199068;5.9476857812927975;-0.9850130438993152;-0.10261982299921554
180.672;0.0;-37.07932436961093;-2.7426396812199068;5.9476857812927975;-0.9850130438993152;-0.10261982299921554
180.788;0.0;-37.07932436961093;-2.7426396812199068;5.9476857812927975;-0.9850130438993152;-0.10261982299921554
180.892;0.0;-37.07932436961093;-2.7426396812199068;5.9476857812927975;-0.9850130438993152;-0.10261982299921554
181.01;0.0;-37.07932436961093;-2.7426396812199068;5.9476857812927975;-0.9850130438993152;-0.10261982299921554
181.117;0.0;-37.07932436961093;-2.7426396812199068;5.9476857812927975;-0.9850130438993152;-0.10261982299921554
181.229;0.0;-37.07932436961093;-2.7426396812199068;5.9476857812927975;-0.9850130438993152;-0.10261982299921554
181.339;0.0;-37.07932436961093;-2.7426396812199068;5.9476857812927975;-0.9850130438993152;-0.10261982299921554
181.442;0.0;-37.07932436961093;-2.7426396812199068;5.9476857812927975;-0.9850130438993152;-0.10261982299921554
181.545;0.0;-37.07932436961093;-2.7426396812199068;5.9476857812927975;-0.9850130438993152;-0.10261982299921554
181.657;0.0;-37.07932436961093;-2.7426396812199068;5.9476857812927975;-0.9850130438993152;-0.10261982299921554
181.769;0.0;-37.07932436961093;-2.7426396812199068;5.9476857812927975;-0.9850130438993152;-0.10261982299921554
181.882;0.0;-37.07932436961093;-2.7426396812199068;5.9476857812927975;-0.9850130438993152;-0.10261982299921554
181.989;0.0;-37.07932436961093;-2.7426396812199068;5.9476857812927975;-0.9850130438993152;-0.10261982299921554
182.097;0.0;-37.07932436961093;-2.7426396812199068;5.9476857812927975;-0.9850130438993152;-0.10261982299921554
182.2;0.0;-37.07932436961093;-2.7426396812199068;5.9476857812927975;-0.9850130438993152;-0.10261982299921554
182.302;0.0;-37.07932436961093;-2.7426396812199068;5.9476857812927975;-0.9850130438993152;-0.10261982299921554
182.415;0.0;-37.07932436961093;-2.7426396812199068;5.9476857812927975;-0.9850130438993152;-0.10261982299921554
182.525;0.0;-37.07932436961093;-2.7426396812199068;5.9476857812927975;-0.9850130438993152;-0.10261982299921554
182.627;0.0;-37.07932436961093;-2.7426396812199068;5.9476857812927975;-0.9850130438993152;-0.10261982299921554
182.732;0.0;-37.07932436961093;-2.7426396812199068;5.9476857812927975;-0.9850130438993152;-0.10261982299921554
182.832;0.0;-37.07932436961093;-2.7426396812199068;5.9476857812927975;-0.9850130438993152;-0.10261982299921554
182.933;0.0;-37.07932436961093;-2.7426396812199068;5.9476857812927975;-0.9850130438993152;-0.10261982299921554
183.033;0.0;-37.07932436961093;-2.7426396812199068;5.9476857812927975;-0.9850130438993152;-0.10261982299921554
183.134;0.0;-37.07932436961093;-2.7426396812199068;5.9476857812927975;-0.9850130438993152;-0.10261982299921554
183.242;0.0;-37.07932436961093;-2.7426396812199068;5.9476857812927975;-0.9850130438993152;-0.10261982299921554
183.343;0.0;-37.07932436961093;-2.7426396812199068;5.9476857812927975;-0.9850130438993152;-0.10261982299921554
183.444;0.0;-37.07932436961093;-2.7426396812199068;5.9476857812927975;-0.9850130438993152;-0.10261982299921554
183.545;0.0;-37.07932436961093;-2.7426396812199068;5.9476857812927975;-0.9850130438993152;-0.10261982299921554
183.646;0.0;-37.07932436961093;-2.7426396812199068;5.9476857812927975;-0.9850130438993152;-0.10261982299921554
183.761;0.0;-37.07932436961093;-2.7426396812199068;5.9476857812927975;-0.9850130438993152;-0.10261982299921554
183.87;0.0;-37.07932436961093;-2.7426396812199068;5.9476857812927975;-0.9850130438993152;-0.10261982299921554
183.973;0.0;-37.07932436961093;-2.7426396812199068;5.9476857812927975;-0.9850130438993152;-0.10261982299921554
184.077;0.0;-37.07932436961093;-2.7426396812199068;5.9476857812927975;-0.9850130438993152;-0.10261982299921554
184.196;0.0;-37.07932436961093;-2.7426396812199068;5.9476857812927975;-0.9850130438993152;-0.10261982299921554
184.302;0.0;-37.07932436961093;-2.7426396812199068;5.9476857812927975;-0.9850130438993152;-0.10261982299921554
184.414;0.0;-37.07932436961093;-2.7426396812199068;5.9476857812927975;-0.9850130438993152;-0.10261982299921554
184.517;0.0;-37.07932436961093;-2.7426396812199068;5.9476857812927975;-0.9850130438993152;-0.10261982299921554
184.62;0.0;-37.07932436961093;-2.7426396812199068;5.9476857812927975;-0.9850130438993152;-0.10261982299921554
184.733;0.0;-37.07932436961093;-2.7426396812199068;5.9476857812927975;-0.9850130438993152;-0.10261982299921554
184.848;0.0;-37.07932436961093;-2.7426396812199068;5.9476857812927975;-0.9850130438993152;-0.10261982299921554
184.951;0.0;-37.07932436961093;-2.7426396812199068;5.9476857812927975;-0.9850130438993152;-0.10261982299921554
185.066;0.0;-37.07932436961093;-2.7426396812199068;5.9476857812927975;-0.9850130438993152;-0.10261982299921554
185.174;0.0;-37.07932436961093;-2.7426396812199068;5.9476857812927975;-0.9850130438993152;-0.10261982299921554
185.288;0.0;-37.07932436961093;-2.7426396812199068;5.9476857812927975;-0.9850130438993152;-0.10261982299921554
185.399;0.0;-37.07932436961093;-2.7426396812199068;5.9476857812927975;-0.9850130438993152;-0.10261982299921554
185.511;0.0;-37.07932436961093;-2.7426396812199068;5.9476857812927975;-0.9850130438993152;-0.10261982299921554
185.619;0.0;-37.07932436961093;-2.7426396812199068;5.9476857812927975;-0.9850130438993152;-0.10261982299921554
185.736;0.0;-37.07932436961093;-2.7426396812199068;5.9476857812927975;-0.9850130438993152;-0.10261982299921554
185.843;0.0;-37.07932436961093;-2.7426396812199068;5.9476857812927975;-0.9850130438993152;-0.10261982299921554
185.948;0.0;-37.07932436961093;-2.7426396812199068;5.9476857812927975;-0.9850130438993152;-0.10261982299921554
186.057;0.0;-37.07932436961093;-2.7426396812199068;5.9476857812927975;-0.9850130438993152;-0.10261982299921554
186.166;0.0;-37.07932436961093;-2.7426396812199068;5.9476857812927975;-0.9850130438993152;-0.10261982299921554
186.282;0.0;-37.07932436961093;-2.7426396812199068;5.9476857812927975;-0.9850130438993152;-0.10261982299921554
186.39;0.0;-37.07932436961093;-2.7426396812199068;5.9476857812927975;-0.9850130438993152;-0.10261982299921554
186.492;0.0;-37.07932436961093;-2.7426396812199068;5.9476857812927975;-0.9850130438993152;-0.10261982299921554
186.612;0.0;-37.07932436961093;-2.7426396812199068;5.9476857812927975;-0.9850130438993152;-0.10261982299921554
186.729;0.0;-37.07932436961093;-2.7426396812199068;5.9476857812927975;-0.9850130438993152;-0.10261982299921554
186.844;0.0;-37.07932436961093;-2.7426396812199068;5.9476857812927975;-0.9850130438993152;-0.10261982299921554
186.951;0.0;-37.07932436961093;-2.7426396812199068;5.9476857812927975;-0.9850130438993152;-0.10261982299921554
187.061;0.0;-37.07932436961093;-2.7426396812199068;5.9476857812927975;-0.9850130438993152;-0.10261982299921554
187.166;0.0;-37.07932436961093;-2.7426396812199068;5.9476857812927975;-0.9850130438993152;-0.10261982299921554
187.267;0.0;-37.07932436961093;-2.7426396812199068;5.9476857812927975;-0.9850130438993152;-0.10261982299921554
187.374;0.0;-37.07932436961093;-2.7426396812199068;5.9476857812927975;-0.9850130438993152;-0.10261982299921554
187.485;0.0;-37.07932436961093;-2.7426396812199068;5.9476857812927975;-0.9850130438993152;-0.10261982299921554
187.595;0.0;-37.07932436961093;-2.7426396812199068;5.9476857812927975;-0.9850130438993152;-0.10261982299921554
187.703;0.0;-37.07932436961093;-2.7426396812199068;5.9476857812927975;-0.9850130438993152;-0.10261982299921554
187.815;0.0;-37.07932436961093;-2.7426396812199068;5.9476857812927975;-0.9850130438993152;-0.10261982299921554
187.921;0.0;-37.07932436961093;-2.7426396812199068;5.9476857812927975;-0.9850130438993152;-0.10261982299921554
188.031;0.0;-37.07932436961093;-2.7426396812199068;5.9476857812927975;-0.9850130438993152;-0.10261982299921554
188.139;0.0;-37.07932436961093;-2.7426396812199068;5.9476857812927975;-0.9850130438993152;-0.10261982299921554
188.253;0.0;-37.07932436961093;-2.7426396812199068;5.9476857812927975;-0.9850130438993152;-0.10261982299921554
188.359;0.0;-37.07932436961093;-2.7426396812199068;5.9476857812927975;-0.9850130438993152;-0.10261982299921554
188.474;0.0;-37.07932436961093;-2.7426396812199068;5.9476857812927975;-0.9850130438993152;-0.10261982299921554
188.58;0.0;-37.07932436961093;-2.7426396812199068;5.9476857812927975;-0.9850130438993152;-0.10261982299921554
188.694;0.0;-37.07932436961093;-2.7426396812199068;5.9476857812927975;-0.9850130438993152;-0.10261982299921554
188.801;0.0;-37.07932436961093;-2.7426396812199068;5.9476857812927975;-0.9850130438993152;-0.10261982299921554
188.911;0.0;-37.07932436961093;-2.7426396812199068;5.9476857812927975;-0.9850130438993152;-0.10261982299921554
189.02;0.0;-37.07932436961093;-2.7426396812199068;5.9476857812927975;-0.9850130438993152;-0.10261982299921554
189.131;0.0;-37.07932436961093;-2.7426396812199068;5.9476857812927975;-0.9850130438993152;-0.10261982299921554
189.24;0.0;-37.07932436961093;-2.7426396812199068;5.9476857812927975;-0.9850130438993152;-0.10261982299921554
189.353;0.0;-37.07932436961093;-2.7426396812199068;5.9476857812927975;-0.9850130438993152;-0.10261982299921554
189.462;0.0;-37.07932436961093;-2.7426396812199068;5.9476857812927975;-0.9850130438993152;-0.10261982299921554
189.572;0.0;-37.07932436961093;-2.7426396812199068;5.9476857812927975;-0.9850130438993152;-0.10261982299921554
189.682;0.0;-37.07932436961093;-2.7426396812199068;5.9476857812927975;-0.9850130438993152;-0.10261982299921554
189.783;0.0;-37.07932436961093;-2.7426396812199068;5.9476857812927975;-0.9850130438993152;-0.10261982299921554
189.885;0.0;-37.07932436961093;-2.7426396812199068;5.9476857812927975;-0.9850130438993152;-0.10261982299921554
190.004;0.0;-37.07932436961093;-2.7426396812199068;5.9476857812927975;-0.9850130438993152;-0.10261982299921554
190.108;0.0;-37.07932436961093;-2.7426396812199068;5.9476857812927975;-0.9850130438993152;-0.10261982299921554
190.219;0.0;-37.07932436961093;-2.7426396812199068;5.9476857812927975;-0.9850130438993152;-0.10261982299921554
190.321;0.0;-37.07932436961093;-2.7426396812199068;5.9476857812927975;-0.9850130438993152;-0.10261982299921554
190.431;0.0;-37.07932436961093;-2.7426396812199068;5.9476857812927975;-0.9850130438993152;-0.10261982299921554
190.537;0.0;-37.07932436961093;-2.7426396812199068;5.9476857812927975;-0.9850130438993152;-0.10261982299921554
190.637;0.0;-37.07932436961093;-2.7426396812199068;5.9476857812927975;-0.9850130438993152;-0.10261982299921554
190.738;0.0;-37.07932436961093;-2.7426396812199068;5.9476857812927975;-0.9850130438993152;-0.10261982299921554
190.838;0.0;-37.07932436961093;-2.7426396812199068;5.9476857812927975;-0.9850130438993152;-0.10261982299921554
190.939;0.0;-37.07932436961093;-2.7426396812199068;5.9476857812927975;-0.9850130438993152;-0.10261982299921554
191.04;0.0;-37.07932436961093;-2.7426396812199068;5.9476857812927975;-0.9850130438993152;-0.10261982299921554
191.146;0.0;-37.07932436961093;-2.7426396812199068;5.9476857812927975;-0.9850130438993152;-0.10261982299921554
191.248;0.0;-37.07932436961093;-2.7426396812199068;5.9476857812927975;-0.9850130438993152;-0.10261982299921554
191.349;0.0;-37.07932436961093;-2.7426396812199068;5.9476857812927975;-0.9850130438993152;-0.10261982299921554
191.449;0.0;-37.07932436961093;-2.7426396812199068;5.9476857812927975;-0.9850130438993152;-0.10261982299921554
191.552;0.0;-37.07932436961093;-2.7426396812199068;5.9476857812927975;-0.9850130438993152;-0.10261982299921554
191.663;0.0;-37.07932436961093;-2.7426396812199068;5.9476857812927975;-0.9850130438993152;-0.10261982299921554
191.764;0.0;-37.07932436961093;-2.7426396812199068;5.9476857812927975;-0.9850130438993152;-0.10261982299921554
191.875;0.0;-37.07932436961093;-2.7426396812199068;5.9476857812927975;-0.9850130438993152;-0.10261982299921554
191.982;0.0;-37.07932436961093;-2.7426396812199068;5.9476857812927975;-0.9850130438993152;-0.10261982299921554
192.1;0.0;-37.07932436961093;-2.7426396812199068;5.9476857812927975;-0.9850130438993152;-0.10261982299921554
192.205;0.0;-37.07932436961093;-2.7426396812199068;5.9476857812927975;-0.9850130438993152;-0.10261982299921554
192.317;0.0;-37.07932436961093;-2.7426396812199068;5.9476857812927975;-0.9850130438993152;-0.10261982299921554
192.433;0.0;-37.07932436961093;-2.7426396812199068;5.9476857812927975;-0.9850130438993152;-0.10261982299921554
192.542;0.0;-37.07932436961093;-2.7426396812199068;5.9476857812927975;-0.9850130438993152;-0.10261982299921554
192.65;0.0;-37.07932436961093;-2.7426396812199068;5.9476857812927975;-0.9850130438993152;-0.10261982299921554
192.763;0.0;-37.07932436961093;-2.7426396812199068;5.9476857812927975;-0.9850130438993152;-0.10261982299921554
192.88;0.0;-37.07932436961093;-2.7426396812199068;5.9476857812927975;-0.9850130438993152;-0.10261982299921554
192.99;0.0;-37.07932436961093;-2.7426396812199068;5.9476857812927975;-0.9850130438993152;-0.10261982299921554
193.098;0.0;-37.07932436961093;-2.7426396812199068;5.9476857812927975;-0.9850130438993152;-0.10261982299921554
193.199;0.0;-37.07932436961093;-2.7426396812199068;5.9476857812927975;-0.9850130438993152;-0.10261982299921554
193.301;0.0;-37.07932436961093;-2.7426396812199068;5.9476857812927975;-0.9850130438993152;-0.10261982299921554
193.401;0.0;-37.07932436961093;-2.7426396812199068;5.9476857812927975;-0.9850130438993152;-0.10261982299921554
193.509;0.0;-37.07932436961093;-2.7426396812199068;5.9476857812927975;-0.9850130438993152;-0.10261982299921554
193.618;0.0;-37.07932436961093;-2.7426396812199068;5.9476857812927975;-0.9850130438993152;-0.10261982299921554
193.719;0.0;-37.07932436961093;-2.7426396812199068;5.9476857812927975;-0.9850130438993152;-0.10261982299921554
193.819;0.0;-37.07932436961093;-2.7426396812199068;5.9476857812927975;-0.9850130438993152;-0.10261982299921554
193.92;0.0;-37.07932436961093;-2.7426396812199068;5.9476857812927975;-0.9850130438993152;-0.10261982299921554
194.021;0.0;-37.07932436961093;-2.7426396812199068;5.9476857812927975;-0.9850130438993152;-0.10261982299921554
194.121;0.0;-37.07932436961093;-2.7426396812199068;5.9476857812927975;-0.9850130438993152;-0.10261982299921554
194.225;0.0;-37.07932436961093;-2.7426396812199068;5.9476857812927975;-0.9850130438993152;-0.10261982299921554
194.329;0.0;-37.07932436961093;-2.7426396812199068;5.9476857812927975;-0.9850130438993152;-0.10261982299921554
194.436;0.0;-37.07932436961093;-2.7426396812199068;5.9476857812927975;-0.9850130438993152;-0.10261982299921554
194.537;0.0;-37.07932436961093;-2.7426396812199068;5.9476857812927975;-0.9850130438993152;-0.10261982299921554
194.643;0.0;-37.07932436961093;-2.7426396812199068;5.9476857812927975;-0.9850130438993152;-0.10261982299921554
194.744;0.0;-37.07932436961093;-2.7426396812199068;5.9476857812927975;-0.9850130438993152;-0.10261982299921554
194.845;0.0;-37.07932436961093;-2.7426396812199068;5.9476857812927975;-0.9850130438993152;-0.10261982299921554
194.951;0.0;-37.07932436961093;-2.7426396812199068;5.9476857812927975;-0.9850130438993152;-0.10261982299921554
195.062;0.0;-37.07932436961093;-2.7426396812199068;5.9476857812927975;-0.9850130438993152;-0.10261982299921554
195.175;0.0;-37.07932436961093;-2.7426396812199068;5.9476857812927975;-0.9850130438993152;-0.10261982299921554
195.284;0.0;-37.07932436961093;-2.7426396812199068;5.9476857812927975;-0.9850130438993152;-0.10261982299921554
195.397;0.0;-37.07932436961093;-2.7426396812199068;5.9476857812927975;-0.9850130438993152;-0.10261982299921554
195.504;0.0;-37.07932436961093;-2.7426396812199068;5.9476857812927975;-0.9850130438993152;-0.10261982299921554
195.605;0.0;-37.07932436961093;-2.7426396812199068;5.9476857812927975;-0.9850130438993152;-0.10261982299921554
195.718;0.0;-37.07932436961093;-2.7426396812199068;5.9476857812927975;-0.9850130438993152;-0.10261982299921554
195.838;0.0;-37.07932436961093;-2.7426396812199068;5.9476857812927975;-0.9850130438993152;-0.10261982299921554
195.954;0.0;-37.07932436961093;-2.7426396812199068;5.9476857812927975;-0.9850130438993152;-0.10261982299921554
196.068;0.0;-37.07932436961093;-2.7426396812199068;5.9476857812927975;-0.9850130438993152;-0.10261982299921554
196.179;0.0;-37.07932436961093;-2.7426396812199068;5.9476857812927975;-0.9850130438993152;-0.10261982299921554
196.293;0.0;-37.07932436961093;-2.7426396812199068;5.9476857812927975;-0.9850130438993152;-0.10261982299921554
196.395;0.0;-37.07932436961093;-2.7426396812199068;5.9476857812927975;-0.9850130438993152;-0.10261982299921554
196.511;0.0;-37.07932436961093;-2.7426396812199068;5.9476857812927975;-0.9850130438993152;-0.10261982299921554
196.618;0.0;-37.07932436961093;-2.7426396812199068;5.9476857812927975;-0.9850130438993152;-0.10261982299921554
196.719;0.0;-37.07932436961093;-2.7426396812199068;5.9476857812927975;-0.9850130438993152;-0.10261982299921554
196.828;0.0;-37.07932436961093;-2.7426396812199068;5.9476857812927975;-0.9850130438993152;-0.10261982299921554
196.934;0.0;-37.07932436961093;-2.7426396812199068;5.9476857812927975;-0.9850130438993152;-0.10261982299921554
197.05;0.0;-37.07932436961093;-2.7426396812199068;5.9476857812927975;-0.9850130438993152;-0.10261982299921554
197.16;0.0;-37.07932436961093;-2.7426396812199068;5.9476857812927975;-0.9850130438993152;-0.10261982299921554
197.274;0.0;-37.07932436961093;-2.7426396812199068;5.9476857812927975;-0.9850130438993152;-0.10261982299921554
197.385;0.0;-37.07932436961093;-2.7426396812199068;5.9476857812927975;-0.9850130438993152;-0.10261982299921554
197.492;0.0;-37.07932436961093;-2.7426396812199068;5.9476857812927975;-0.9850130438993152;-0.10261982299921554
197.592;0.0;-37.07932436961093;-2.7426396812199068;5.9476857812927975;-0.9850130438993152;-0.10261982299921554
197.7;0.0;-37.07932436961093;-2.7426396812199068;5.9476857812927975;-0.9850130438993152;-0.10261982299921554
197.81;0.0;-37.07932436961093;-2.7426396812199068;5.9476857812927975;-0.9850130438993152;-0.10261982299921554
197.923;0.0;-37.07932436961093;-2.7426396812199068;5.9476857812927975;-0.9850130438993152;-0.10261982299921554
198.038;0.0;-37.07932436961093;-2.7426396812199068;5.9476857812927975;-0.9850130438993152;-0.10261982299921554
198.146;0.0;-37.07932436961093;-2.7426396812199068;5.9476857812927975;-0.9850130438993152;-0.10261982299921554
198.257;0.0;-37.07932436961093;-2.7426396812199068;5.9476857812927975;-0.9850130438993152;-0.10261982299921554
198.369;0.0;-37.07932436961093;-2.7426396812199068;5.9476857812927975;-0.9850130438993152;-0.10261982299921554
198.48;0.0;-37.07932436961093;-2.7426396812199068;5.9476857812927975;-0.9850130438993152;-0.10261982299921554
198.594;0.0;-37.07932436961093;-2.7426396812199068;5.9476857812927975;-0.9850130438993152;-0.10261982299921554
198.702;0.0;-37.07932436961093;-2.7426396812199068;5.9476857812927975;-0.9850130438993152;-0.10261982299921554
198.818;0.0;-37.07932436961093;-2.7426396812199068;5.9476857812927975;-0.9850130438993152;-0.10261982299921554
198.925;0.0;-37.07932436961093;-2.7426396812199068;5.9476857812927975;-0.9850130438993152;-0.10261982299921554
199.036;0.0;-37.07932436961093;-2.7426396812199068;5.9476857812927975;-0.9850130438993152;-0.10261982299921554
199.149;0.0;-37.07932436961093;-2.7426396812199068;5.9476857812927975;-0.9850130438993152;-0.10261982299921554
199.259;0.0;-37.07932436961093;-2.7426396812199068;5.9476857812927975;-0.9850130438993152;-0.10261982299921554
199.36;0.0;-37.07932436961093;-2.7426396812199068;5.9476857812927975;-0.9850130438993152;-0.10261982299921554
199.464;0.0;-37.07932436961093;-2.7426396812199068;5.9476857812927975;-0.9850130438993152;-0.10261982299921554
199.58;0.0;-37.07932436961093;-2.7426396812199068;5.9476857812927975;-0.9850130438993152;-0.10261982299921554
199.692;0.0;-37.07932436961093;-2.7426396812199068;5.9476857812927975;-0.9850130438993152;-0.10261982299921554
199.799;0.0;-37.07932436961093;-2.7426396812199068;5.9476857812927975;-0.9850130438993152;-0.10261982299921554
199.908;0.0;-37.07932436961093;-2.7426396812199068;5.9476857812927975;-0.9850130438993152;-0.10261982299921554
200.021;0.0;-37.07932436961093;-2.7426396812199068;5.9476857812927975;-0.9850130438993152;-0.10261982299921554
200.122;0.0;-37.07932436961093;-2.7426396812199068;5.9476857812927975;-0.9850130438993152;-0.10261982299921554
200.229;0.0;-37.07932436961093;-2.7426396812199068;5.9476857812927975;-0.9850130438993152;-0.10261982299921554
200.34;0.0;-37.07932436961093;-2.7426396812199068;5.9476857812927975;-0.9850130438993152;-0.10261982299921554
200.453;0.0;-37.07932436961093;-2.7426396812199068;5.9476857812927975;-0.9850130438993152;-0.10261982299921554
200.562;0.0;-37.07932436961093;-2.7426396812199068;5.9476857812927975;-0.9850130438993152;-0.10261982299921554
200.671;0.0;-37.07932436961093;-2.7426396812199068;5.9476857812927975;-0.9850130438993152;-0.10261982299921554
200.787;0.0;-37.07932436961093;-2.7426396812199068;5.9476857812927975;-0.9850130438993152;-0.10261982299921554
200.895;0.0;-37.07932436961093;-2.7426396812199068;5.9476857812927975;-0.9850130438993152;-0.10261982299921554
201.006;0.0;-37.07932436961093;-2.7426396812199068;5.9476857812927975;-0.9850130438993152;-0.10261982299921554
201.113;0.0;-37.07932436961093;-2.7426396812199068;5.9476857812927975;-0.9850130438993152;-0.10261982299921554
201.23;0.0;-37.07932436961093;-2.7426396812199068;5.9476857812927975;-0.9850130438993152;-0.10261982299921554
201.341;0.0;-37.07932436961093;-2.7426396812199068;5.9476857812927975;-0.9850130438993152;-0.10261982299921554
201.451;0.0;-37.07932436961093;-2.7426396812199068;5.9476857812927975;-0.9850130438993152;-0.10261982299921554
201.554;0.0;-37.07932436961093;-2.7426396812199068;5.9476857812927975;-0.9850130438993152;-0.10261982299921554
201.661;0.0;-37.07932436961093;-2.7426396812199068;5.9476857812927975;-0.9850130438993152;-0.10261982299921554
201.763;0.0;-37.07932436961093;-2.7426396812199068;5.9476857812927975;-0.9850130438993152;-0.10261982299921554
201.882;0.0;-37.07932436961093;-2.7426396812199068;5.9476857812927975;-0.9850130438993152;-0.10261982299921554
201.991;0.0;-37.07932436961093;-2.7426396812199068;5.9476857812927975;-0.9850130438993152;-0.10261982299921554
202.102;0.0;-37.07932436961093;-2.7426396812199068;5.9476857812927975;-0.9850130438993152;-0.10261982299921554
202.211;0.0;-37.07932436961093;-2.7426396812199068;5.9476857812927975;-0.9850130438993152;-0.10261982299921554
202.322;0.0;-37.07932436961093;-2.7426396812199068;5.9476857812927975;-0.9850130438993152;-0.10261982299921554
202.434;0.0;-37.07932436961093;-2.7426396812199068;5.9476857812927975;-0.9850130438993152;-0.10261982299921554
202.542;0.0;-37.07932436961093;-2.7426396812199068;5.9476857812927975;-0.9850130438993152;-0.10261982299921554
202.653;0.0;-37.07932436961093;-2.7426396812199068;5.9476857812927975;-0.9850130438993152;-0.10261982299921554
202.754;0.0;-37.07932436961093;-2.7426396812199068;5.9476857812927975;-0.9850130438993152;-0.10261982299921554
202.857;0.0;-37.07932436961093;-2.7426396812199068;5.9476857812927975;-0.9850130438993152;-0.10261982299921554
202.968;0.0;-37.07932436961093;-2.7426396812199068;5.9476857812927975;-0.9850130438993152;-0.10261982299921554
203.076;0.0;-37.07932436961093;-2.7426396812199068;5.9476857812927975;-0.9850130438993152;-0.10261982299921554
203.19;0.0;-37.07932436961093;-2.7426396812199068;5.9476857812927975;-0.9850130438993152;-0.10261982299921554
203.301;0.0;-37.07932436961093;-2.7426396812199068;5.9476857812927975;-0.9850130438993152;-0.10261982299921554
203.412;0.0;-37.07932436961093;-2.7426396812199068;5.9476857812927975;-0.9850130438993152;-0.10261982299921554
203.519;0.0;-37.07932436961093;-2.7426396812199068;5.9476857812927975;-0.9850130438993152;-0.10261982299921554
203.628;0.0;-37.07932436961093;-2.7426396812199068;5.9476857812927975;-0.9850130438993152;-0.10261982299921554
203.741;0.0;-37.07932436961093;-2.7426396812199068;5.9476857812927975;-0.9850130438993152;-0.10261982299921554
203.852;0.0;-37.07932436961093;-2.7426396812199068;5.9476857812927975;-0.9850130438993152;-0.10261982299921554
203.966;0.0;-37.07932436961093;-2.7426396812199068;5.9476857812927975;-0.9850130438993152;-0.10261982299921554
204.072;0.0;-37.07932436961093;-2.7426396812199068;5.9476857812927975;-0.9850130438993152;-0.10261982299921554
204.172;0.0;-37.07932436961093;-2.7426396812199068;5.9476857812927975;-0.9850130438993152;-0.10261982299921554
204.279;0.0;-37.07932436961093;-2.7426396812199068;5.9476857812927975;-0.9850130438993152;-0.10261982299921554
204.388;0.0;-37.07932436961093;-2.7426396812199068;5.9476857812927975;-0.9850130438993152;-0.10261982299921554
204.501;0.0;-37.07932436961093;-2.7426396812199068;5.9476857812927975;-0.9850130438993152;-0.10261982299921554
204.608;0.0;-37.07932436961093;-2.7426396812199068;5.9476857812927975;-0.9850130438993152;-0.10261982299921554
204.724;0.0;-37.07932436961093;-2.7426396812199068;5.9476857812927975;-0.9850130438993152;-0.10261982299921554
204.835;0.0;-37.07932436961093;-2.7426396812199068;5.9476857812927975;-0.9850130438993152;-0.10261982299921554
204.941;0.0;-37.07932436961093;-2.7426396812199068;5.9476857812927975;-0.9850130438993152;-0.10261982299921554
205.054;0.0;-37.07932436961093;-2.7426396812199068;5.9476857812927975;-0.9850130438993152;-0.10261982299921554
205.162;0.0;-37.07932436961093;-2.7426396812199068;5.9476857812927975;-0.9850130438993152;-0.10261982299921554
205.277;0.0;-37.07932436961093;-2.7426396812199068;5.9476857812927975;-0.9850130438993152;-0.10261982299921554
205.384;0.0;-37.07932436961093;-2.7426396812199068;5.9476857812927975;-0.9850130438993152;-0.10261982299921554
205.485;0.0;-37.07932436961093;-2.7426396812199068;5.9476857812927975;-0.9850130438993152;-0.10261982299921554
205.592;0.0;-37.07932436961093;-2.7426396812199068;5.9476857812927975;-0.9850130438993152;-0.10261982299921554
205.705;0.0;-37.07932436961093;-2.7426396812199068;5.9476857812927975;-0.9850130438993152;-0.10261982299921554
205.815;0.0;-37.07932436961093;-2.7426396812199068;5.9476857812927975;-0.9850130438993152;-0.10261982299921554
205.924;0.0;-37.07932436961093;-2.7426396812199068;5.9476857812927975;-0.9850130438993152;-0.10261982299921554
206.039;0.0;-37.07932436961093;-2.7426396812199068;5.9476857812927975;-0.9850130438993152;-0.10261982299921554
206.147;0.0;-37.07932436961093;-2.7426396812199068;5.9476857812927975;-0.9850130438993152;-0.10261982299921554
206.263;0.0;-37.07932436961093;-2.7426396812199068;5.9476857812927975;-0.9850130438993152;-0.10261982299921554
206.374;0.0;-37.07932436961093;-2.7426396812199068;5.9476857812927975;-0.9850130438993152;-0.10261982299921554
206.474;0.0;-37.07932436961093;-2.7426396812199068;5.9476857812927975;-0.9850130438993152;-0.10261982299921554
206.575;0.0;-37.07932436961093;-2.7426396812199068;5.9476857812927975;-0.9850130438993152;-0.10261982299921554
206.691;0.0;-37.07932436961093;-2.7426396812199068;5.9476857812927975;-0.9850130438993152;-0.10261982299921554
206.8;0.0;-37.07932436961093;-2.7426396812199068;5.9476857812927975;-0.9850130438993152;-0.10261982299921554
206.902;0.0;-37.07932436961093;-2.7426396812199068;5.9476857812927975;-0.9850130438993152;-0.10261982299921554
207.004;0.0;-37.07932436961093;-2.7426396812199068;5.9476857812927975;-0.9850130438993152;-0.10261982299921554
207.104;0.0;-37.07932436961093;-2.7426396812199068;5.9476857812927975;-0.9850130438993152;-0.10261982299921554
207.243;0.0;-37.07932436961093;-2.7426396812199068;5.9476857812927975;-0.9850130438993152;-0.10261982299921554
207.344;0.0;-37.07932436961093;-2.7426396812199068;5.9476857812927975;-0.9850130438993152;-0.10261982299921554
207.453;0.0;-37.07932436961093;-2.7426396812199068;5.9476857812927975;-0.9850130438993152;-0.10261982299921554
207.567;0.0;-37.07932436961093;-2.7426396812199068;5.9476857812927975;-0.9850130438993152;-0.10261982299921554
207.678;0.0;-37.07932436961093;-2.7426396812199068;5.9476857812927975;-0.9850130438993152;-0.10261982299921554
207.786;0.0;-37.07932436961093;-2.7426396812199068;5.9476857812927975;-0.9850130438993152;-0.10261982299921554
207.898;0.0;-37.07932436961093;-2.7426396812199068;5.9476857812927975;-0.9850130438993152;-0.10261982299921554
208.01;0.0;-37.07932436961093;-2.7426396812199068;5.9476857812927975;-0.9850130438993152;-0.10261982299921554
208.112;0.0;-37.07932436961093;-2.7426396812199068;5.9476857812927975;-0.9850130438993152;-0.10261982299921554
208.218;0.0;-37.07932436961093;-2.7426396812199068;5.9476857812927975;-0.9850130438993152;-0.10261982299921554
208.326;0.0;-37.07932436961093;-2.7426396812199068;5.9476857812927975;-0.9850130438993152;-0.10261982299921554
208.429;0.0;-37.07932436961093;-2.7426396812199068;5.9476857812927975;-0.9850130438993152;-0.10261982299921554
208.531;0.0;-37.07932436961093;-2.7426396812199068;5.9476857812927975;-0.9850130438993152;-0.10261982299921554
208.631;0.0;-37.07932436961093;-2.7426396812199068;5.9476857812927975;-0.9850130438993152;-0.10261982299921554
208.732;0.0;-37.07932436961093;-2.7426396812199068;5.9476857812927975;-0.9850130438993152;-0.10261982299921554
208.832;0.0;-37.07932436961093;-2.7426396812199068;5.9476857812927975;-0.9850130438993152;-0.10261982299921554
208.933;0.0;-37.07932436961093;-2.7426396812199068;5.9476857812927975;-0.9850130438993152;-0.10261982299921554
209.033;0.0;-37.07932436961093;-2.7426396812199068;5.9476857812927975;-0.9850130438993152;-0.10261982299921554
209.138;0.0;-37.07932436961093;-2.7426396812199068;5.9476857812927975;-0.9850130438993152;-0.10261982299921554
209.238;0.0;-37.07932436961093;-2.7426396812199068;5.9476857812927975;-0.9850130438993152;-0.10261982299921554
209.341;0.0;-37.07932436961093;-2.7426396812199068;5.9476857812927975;-0.9850130438993152;-0.10261982299921554
209.451;0.0;-37.07932436961093;-2.7426396812199068;5.9476857812927975;-0.9850130438993152;-0.10261982299921554
209.552;0.0;-37.07932436961093;-2.7426396812199068;5.9476857812927975;-0.9850130438993152;-0.10261982299921554
209.66;0.0;-37.07932436961093;-2.7426396812199068;5.9476857812927975;-0.9850130438993152;-0.10261982299921554
209.761;0.0;-37.07932436961093;-2.7426396812199068;5.9476857812927975;-0.9850130438993152;-0.10261982299921554
209.867;0.0;-37.07932436961093;-2.7426396812199068;5.9476857812927975;-0.9850130438993152;-0.10261982299921554
209.976;0.0;-37.07932436961093;-2.7426396812199068;5.9476857812927975;-0.9850130438993152;-0.10261982299921554
210.086;0.0;-37.07932436961093;-2.7426396812199068;5.9476857812927975;-0.9850130438993152;-0.10261982299921554
210.196;0.0;-37.07932436961093;-2.7426396812199068;5.9476857812927975;-0.9850130438993152;-0.10261982299921554
210.31;0.0;-37.07932436961093;-2.7426396812199068;5.9476857812927975;-0.9850130438993152;-0.10261982299921554
210.427;0.0;-37.07932436961093;-2.7426396812199068;5.9476857812927975;-0.9850130438993152;-0.10261982299921554
210.532;0.0;-37.07932436961093;-2.7426396812199068;5.9476857812927975;-0.9850130438993152;-0.10261982299921554
210.644;0.0;-37.07932436961093;-2.7426396812199068;5.9476857812927975;-0.9850130438993152;-0.10261982299921554
210.752;0.0;-37.07932436961093;-2.7426396812199068;5.9476857812927975;-0.9850130438993152;-0.10261982299921554
210.853;0.0;-37.07932436961093;-2.7426396812199068;5.9476857812927975;-0.9850130438993152;-0.10261982299921554
210.977;0.0;-37.07932436961093;-2.7426396812199068;5.9476857812927975;-0.9850130438993152;-0.10261982299921554
211.086;0.0;-37.07932436961093;-2.7426396812199068;5.9476857812927975;-0.9850130438993152;-0.10261982299921554
211.187;0.0;-37.07932436961093;-2.7426396812199068;5.9476857812927975;-0.9850130438993152;-0.10261982299921554
211.294;0.0;-37.07932436961093;-2.7426396812199068;5.9476857812927975;-0.9850130438993152;-0.10261982299921554
211.407;0.0;-37.07932436961093;-2.7426396812199068;5.9476857812927975;-0.9850130438993152;-0.10261982299921554
211.513;0.0;-37.07932436961093;-2.7426396812199068;5.9476857812927975;-0.9850130438993152;-0.10261982299921554
211.624;0.0;-37.07932436961093;-2.7426396812199068;5.9476857812927975;-0.9850130438993152;-0.10261982299921554
211.737;0.0;-37.07932436961093;-2.7426396812199068;5.9476857812927975;-0.9850130438993152;-0.10261982299921554
211.849;0.0;-37.07932436961093;-2.7426396812199068;5.9476857812927975;-0.9850130438993152;-0.10261982299921554
211.961;0.0;-37.07932436961093;-2.7426396812199068;5.9476857812927975;-0.9850130438993152;-0.10261982299921554
212.072;0.0;-37.07932436961093;-2.7426396812199068;5.9476857812927975;-0.9850130438993152;-0.10261982299921554
212.179;0.0;-37.07932436961093;-2.7426396812199068;5.9476857812927975;-0.9850130438993152;-0.10261982299921554
212.28;0.0;-37.07932436961093;-2.7426396812199068;5.9476857812927975;-0.9850130438993152;-0.10261982299921554
212.385;0.0;-37.07932436961093;-2.7426396812199068;5.9476857812927975;-0.9850130438993152;-0.10261982299921554
212.499;0.0;-37.07932436961093;-2.7426396812199068;5.9476857812927975;-0.9850130438993152;-0.10261982299921554
212.61;0.0;-37.07932436961093;-2.7426396812199068;5.9476857812927975;-0.9850130438993152;-0.10261982299921554
212.723;0.0;-37.07932436961093;-2.7426396812199068;5.9476857812927975;-0.9850130438993152;-0.10261982299921554
212.832;0.0;-37.07932436961093;-2.7426396812199068;5.9476857812927975;-0.9850130438993152;-0.10261982299921554
212.943;0.0;-37.07932436961093;-2.7426396812199068;5.9476857812927975;-0.9850130438993152;-0.10261982299921554
213.055;0.0;-37.07932436961093;-2.7426396812199068;5.9476857812927975;-0.9850130438993152;-0.10261982299921554
213.17;0.0;-37.07932436961093;-2.7426396812199068;5.9476857812927975;-0.9850130438993152;-0.10261982299921554
213.279;0.0;-37.07932436961093;-2.7426396812199068;5.9476857812927975;-0.9850130438993152;-0.10261982299921554
213.388;0.0;-37.07932436961093;-2.7426396812199068;5.9476857812927975;-0.9850130438993152;-0.10261982299921554
213.503;0.0;-37.07932436961093;-2.7426396812199068;5.9476857812927975;-0.9850130438993152;-0.10261982299921554
213.612;0.0;-37.07932436961093;-2.7426396812199068;5.9476857812927975;-0.9850130438993152;-0.10261982299921554
213.727;0.0;-37.07932436961093;-2.7426396812199068;5.9476857812927975;-0.9850130438993152;-0.10261982299921554
213.834;0.0;-37.07932436961093;-2.7426396812199068;5.9476857812927975;-0.9850130438993152;-0.10261982299921554
213.943;0.0;-37.07932436961093;-2.7426396812199068;5.9476857812927975;-0.9850130438993152;-0.10261982299921554
214.058;0.0;-37.07932436961093;-2.7426396812199068;5.9476857812927975;-0.9850130438993152;-0.10261982299921554
214.171;0.0;-37.07932436961093;-2.7426396812199068;5.9476857812927975;-0.9850130438993152;-0.10261982299921554
214.283;0.0;-37.07932436961093;-2.7426396812199068;5.9476857812927975;-0.9850130438993152;-0.10261982299921554
214.389;0.0;-37.07932436961093;-2.7426396812199068;5.9476857812927975;-0.9850130438993152;-0.10261982299921554
214.505;0.0;-37.07932436961093;-2.7426396812199068;5.9476857812927975;-0.9850130438993152;-0.10261982299921554
214.613;0.0;-37.07932436961093;-2.7426396812199068;5.9476857812927975;-0.9850130438993152;-0.10261982299921554
214.73;0.0;-37.07932436961093;-2.7426396812199068;5.9476857812927975;-0.9850130438993152;-0.10261982299921554
214.836;0.0;-37.07932436961093;-2.7426396812199068;5.9476857812927975;-0.9850130438993152;-0.10261982299921554
214.946;0.0;-37.07932436961093;-2.7426396812199068;5.9476857812927975;-0.9850130438993152;-0.10261982299921554
215.047;0.0;-37.07932436961093;-2.7426396812199068;5.9476857812927975;-0.9850130438993152;-0.10261982299921554
215.149;0.0;-37.07932436961093;-2.7426396812199068;5.9476857812927975;-0.9850130438993152;-0.10261982299921554
215.263;0.0;-37.07932436961093;-2.7426396812199068;5.9476857812927975;-0.9850130438993152;-0.10261982299921554
215.374;0.0;-37.07932436961093;-2.7426396812199068;5.9476857812927975;-0.9850130438993152;-0.10261982299921554
215.476;0.0;-37.07932436961093;-2.7426396812199068;5.9476857812927975;-0.9850130438993152;-0.10261982299921554
215.579;0.0;-37.07932436961093;-2.7426396812199068;5.9476857812927975;-0.9850130438993152;-0.10261982299921554
215.679;0.0;-37.07932436961093;-2.7426396812199068;5.9476857812927975;-0.9850130438993152;-0.10261982299921554
215.78;0.0;-37.07932436961093;-2.7426396812199068;5.9476857812927975;-0.9850130438993152;-0.10261982299921554
215.88;0.0;-37.07932436961093;-2.7426396812199068;5.9476857812927975;-0.9850130438993152;-0.10261982299921554
215.98;0.0;-37.07932436961093;-2.7426396812199068;5.9476857812927975;-0.9850130438993152;-0.10261982299921554
216.081;0.0;-37.07932436961093;-2.7426396812199068;5.9476857812927975;-0.9850130438993152;-0.10261982299921554
216.181;0.0;-37.07932436961093;-2.7426396812199068;5.9476857812927975;-0.9850130438993152;-0.10261982299921554
216.284;0.0;-37.07932436961093;-2.7426396812199068;5.9476857812927975;-0.9850130438993152;-0.10261982299921554
216.394;0.0;-37.07932436961093;-2.7426396812199068;5.9476857812927975;-0.9850130438993152;-0.10261982299921554
216.504;0.0;-37.07932436961093;-2.7426396812199068;5.9476857812927975;-0.9850130438993152;-0.10261982299921554
216.605;0.0;-37.07932436961093;-2.7426396812199068;5.9476857812927975;-0.9850130438993152;-0.10261982299921554
216.715;0.0;-37.07932436961093;-2.7426396812199068;5.9476857812927975;-0.9850130438993152;-0.10261982299921554
216.828;0.0;-37.07932436961093;-2.7426396812199068;5.9476857812927975;-0.9850130438993152;-0.10261982299921554
216.931;0.0;-37.07932436961093;-2.7426396812199068;5.9476857812927975;-0.9850130438993152;-0.10261982299921554
217.041;0.0;-37.07932436961093;-2.7426396812199068;5.9476857812927975;-0.9850130438993152;-0.10261982299921554
217.166;0.0;-37.07932436961093;-2.7426396812199068;5.9476857812927975;-0.9850130438993152;-0.10261982299921554
217.273;0.0;-37.07932436961093;-2.7426396812199068;5.9476857812927975;-0.9850130438993152;-0.10261982299921554
217.373;0.0;-37.07932436961093;-2.7426396812199068;5.9476857812927975;-0.9850130438993152;-0.10261982299921554
217.482;0.0;-37.07932436961093;-2.7426396812199068;5.9476857812927975;-0.9850130438993152;-0.10261982299921554
217.595;0.0;-37.07932436961093;-2.7426396812199068;5.9476857812927975;-0.9850130438993152;-0.10261982299921554
217.704;0.0;-37.07932436961093;-2.7426396812199068;5.9476857812927975;-0.9850130438993152;-0.10261982299921554
217.816;0.0;-37.07932436961093;-2.7426396812199068;5.9476857812927975;-0.9850130438993152;-0.10261982299921554
217.923;0.0;-37.07932436961093;-2.7426396812199068;5.9476857812927975;-0.9850130438993152;-0.10261982299921554
218.034;0.0;-37.07932436961093;-2.7426396812199068;5.9476857812927975;-0.9850130438993152;-0.10261982299921554
218.147;0.0;-37.07932436961093;-2.7426396812199068;5.9476857812927975;-0.9850130438993152;-0.10261982299921554
218.257;0.0;-37.07932436961093;-2.7426396812199068;5.9476857812927975;-0.9850130438993152;-0.10261982299921554
218.363;0.0;-37.07932436961093;-2.7426396812199068;5.9476857812927975;-0.9850130438993152;-0.10261982299921554
218.473;0.0;-37.07932436961093;-2.7426396812199068;5.9476857812927975;-0.9850130438993152;-0.10261982299921554
218.584;0.0;-37.07932436961093;-2.7426396812199068;5.9476857812927975;-0.9850130438993152;-0.10261982299921554
218.695;0.0;-37.07932436961093;-2.7426396812199068;5.9476857812927975;-0.9850130438993152;-0.10261982299921554
218.807;0.0;-37.07932436961093;-2.7426396812199068;5.9476857812927975;-0.9850130438993152;-0.10261982299921554
218.921;0.0;-37.07932436961093;-2.7426396812199068;5.9476857812927975;-0.9850130438993152;-0.10261982299921554
219.033;0.0;-37.07932436961093;-2.7426396812199068;5.9476857812927975;-0.9850130438993152;-0.10261982299921554
219.133;0.0;-37.07932436961093;-2.7426396812199068;5.9476857812927975;-0.9850130438993152;-0.10261982299921554
219.234;0.0;-37.07932436961093;-2.7426396812199068;5.9476857812927975;-0.9850130438993152;-0.10261982299921554
219.339;0.0;-37.07932436961093;-2.7426396812199068;5.9476857812927975;-0.9850130438993152;-0.10261982299921554
219.452;0.0;-37.07932436961093;-2.7426396812199068;5.9476857812927975;-0.9850130438993152;-0.10261982299921554
219.565;0.0;-37.07932436961093;-2.7426396812199068;5.9476857812927975;-0.9850130438993152;-0.10261982299921554
219.673;0.0;-37.07932436961093;-2.7426396812199068;5.9476857812927975;-0.9850130438993152;-0.10261982299921554
219.775;0.0;-37.07932436961093;-2.7426396812199068;5.9476857812927975;-0.9850130438993152;-0.10261982299921554
219.896;0.0;-37.07932436961093;-2.7426396812199068;5.9476857812927975;-0.9850130438993152;-0.10261982299921554
220.004;0.0;-37.07932436961093;-2.7426396812199068;5.9476857812927975;-0.9850130438993152;-0.10261982299921554
220.11;0.0;-37.07932436961093;-2.7426396812199068;5.9476857812927975;-0.9850130438993152;-0.10261982299921554
220.224;0.0;-37.07932436961093;-2.7426396812199068;5.9476857812927975;-0.9850130438993152;-0.10261982299921554
220.324;0.0;-37.07932436961093;-2.7426396812199068;5.9476857812927975;-0.9850130438993152;-0.10261982299921554
220.463;0.0;-37.07932436961093;-2.7426396812199068;5.9476857812927975;-0.9850130438993152;-0.10261982299921554
220.575;0.0;-37.07932436961093;-2.7426396812199068;5.9476857812927975;-0.9850130438993152;-0.10261982299921554
220.676;0.0;-37.07932436961093;-2.7426396812199068;5.9476857812927975;-0.9850130438993152;-0.10261982299921554
220.779;0.0;-37.07932436961093;-2.7426396812199068;5.9476857812927975;-0.9850130438993152;-0.10261982299921554
220.887;0.0;-37.07932436961093;-2.7426396812199068;5.9476857812927975;-0.9850130438993152;-0.10261982299921554
220.988;0.0;-37.07932436961093;-2.7426396812199068;5.9476857812927975;-0.9850130438993152;-0.10261982299921554
221.095;0.0;-37.07932436961093;-2.7426396812199068;5.9476857812927975;-0.9850130438993152;-0.10261982299921554
221.205;0.0;-37.07932436961093;-2.7426396812199068;5.9476857812927975;-0.9850130438993152;-0.10261982299921554
221.306;0.0;-37.07932436961093;-2.7426396812199068;5.9476857812927975;-0.9850130438993152;-0.10261982299921554
221.407;0.0;-37.07932436961093;-2.7426396812199068;5.9476857812927975;-0.9850130438993152;-0.10261982299921554
221.524;0.0;-37.07932436961093;-2.7426396812199068;5.9476857812927975;-0.9850130438993152;-0.10261982299921554
221.625;0.0;-37.07932436961093;-2.7426396812199068;5.9476857812927975;-0.9850130438993152;-0.10261982299921554
221.726;0.0;-37.07932436961093;-2.7426396812199068;5.9476857812927975;-0.9850130438993152;-0.10261982299921554
221.826;0.0;-37.07932436961093;-2.7426396812199068;5.9476857812927975;-0.9850130438993152;-0.10261982299921554
221.927;0.0;-37.07932436961093;-2.7426396812199068;5.9476857812927975;-0.9850130438993152;-0.10261982299921554
222.027;0.0;-37.07932436961093;-2.7426396812199068;5.9476857812927975;-0.9850130438993152;-0.10261982299921554
222.128;0.0;-37.07932436961093;-2.7426396812199068;5.9476857812927975;-0.9850130438993152;-0.10261982299921554
222.228;0.0;-37.07932436961093;-2.7426396812199068;5.9476857812927975;-0.9850130438993152;-0.10261982299921554
222.33;0.0;-37.07932436961093;-2.7426396812199068;5.9476857812927975;-0.9850130438993152;-0.10261982299921554
222.431;0.0;-37.07932436961093;-2.7426396812199068;5.9476857812927975;-0.9850130438993152;-0.10261982299921554
222.535;0.0;-37.07932436961093;-2.7426396812199068;5.9476857812927975;-0.9850130438993152;-0.10261982299921554
222.636;0.0;-37.07932436961093;-2.7426396812199068;5.9476857812927975;-0.9850130438993152;-0.10261982299921554
222.74;0.0;-37.07932436961093;-2.7426396812199068;5.9476857812927975;-0.9850130438993152;-0.10261982299921554
222.846;0.0;-37.07932436961093;-2.7426396812199068;5.9476857812927975;-0.9850130438993152;-0.10261982299921554
222.949;0.0;-37.07932436961093;-2.7426396812199068;5.9476857812927975;-0.9850130438993152;-0.10261982299921554
223.061;0.0;-37.07932436961093;-2.7426396812199068;5.9476857812927975;-0.9850130438993152;-0.10261982299921554
223.167;0.0;-37.07932436961093;-2.7426396812199068;5.9476857812927975;-0.9850130438993152;-0.10261982299921554
223.281;0.0;-37.07932436961093;-2.7426396812199068;5.9476857812927975;-0.9850130438993152;-0.10261982299921554
223.393;0.0;-37.07932436961093;-2.7426396812199068;5.9476857812927975;-0.9850130438993152;-0.10261982299921554
223.503;0.0;-37.07932436961093;-2.7426396812199068;5.9476857812927975;-0.9850130438993152;-0.10261982299921554
223.617;0.0;-37.07932436961093;-2.7426396812199068;5.9476857812927975;-0.9850130438993152;-0.10261982299921554
223.723;0.0;-37.07932436961093;-2.7426396812199068;5.9476857812927975;-0.9850130438993152;-0.10261982299921554
223.837;0.0;-37.07932436961093;-2.7426396812199068;5.9476857812927975;-0.9850130438993152;-0.10261982299921554
223.95;0.0;-37.07932436961093;-2.7426396812199068;5.9476857812927975;-0.9850130438993152;-0.10261982299921554
224.06;0.0;-37.07932436961093;-2.7426396812199068;5.9476857812927975;-0.9850130438993152;-0.10261982299921554
224.163;0.0;-37.07932436961093;-2.7426396812199068;5.9476857812927975;-0.9850130438993152;-0.10261982299921554
224.267;0.0;-37.07932436961093;-2.7426396812199068;5.9476857812927975;-0.9850130438993152;-0.10261982299921554
224.377;0.0;-37.07932436961093;-2.7426396812199068;5.9476857812927975;-0.9850130438993152;-0.10261982299921554
224.486;0.0;-37.07932436961093;-2.7426396812199068;5.9476857812927975;-0.9850130438993152;-0.10261982299921554
224.599;0.0;-37.07932436961093;-2.7426396812199068;5.9476857812927975;-0.9850130438993152;-0.10261982299921554
224.72;0.0;-37.07932436961093;-2.7426396812199068;5.9476857812927975;-0.9850130438993152;-0.10261982299921554
224.821;0.0;-37.07932436961093;-2.7426396812199068;5.9476857812927975;-0.9850130438993152;-0.10261982299921554
224.922;0.0;-37.07932436961093;-2.7426396812199068;5.9476857812927975;-0.9850130438993152;-0.10261982299921554
225.026;0.0;-37.07932436961093;-2.7426396812199068;5.9476857812927975;-0.9850130438993152;-0.10261982299921554
225.142;0.0;-37.07932436961093;-2.7426396812199068;5.9476857812927975;-0.9850130438993152;-0.10261982299921554
225.255;0.0;-37.07932436961093;-2.7426396812199068;5.9476857812927975;-0.9850130438993152;-0.10261982299921554
225.367;0.0;-37.07932436961093;-2.7426396812199068;5.9476857812927975;-0.9850130438993152;-0.10261982299921554
225.475;0.0;-37.07932436961093;-2.7426396812199068;5.9476857812927975;-0.9850130438993152;-0.10261982299921554
225.585;0.0;-37.07932436961093;-2.7426396812199068;5.9476857812927975;-0.9850130438993152;-0.10261982299921554
225.686;0.0;-37.07932436961093;-2.7426396812199068;5.9476857812927975;-0.9850130438993152;-0.10261982299921554
225.787;0.0;-37.07932436961093;-2.7426396812199068;5.9476857812927975;-0.9850130438993152;-0.10261982299921554
225.888;0.0;-37.07932436961093;-2.7426396812199068;5.9476857812927975;-0.9850130438993152;-0.10261982299921554
225.989;0.0;-37.07932436961093;-2.7426396812199068;5.9476857812927975;-0.9850130438993152;-0.10261982299921554
226.089;0.0;-37.07932436961093;-2.7426396812199068;5.9476857812927975;-0.9850130438993152;-0.10261982299921554
226.19;0.0;-37.07932436961093;-2.7426396812199068;5.9476857812927975;-0.9850130438993152;-0.10261982299921554
226.291;0.0;-37.07932436961093;-2.7426396812199068;5.9476857812927975;-0.9850130438993152;-0.10261982299921554
226.392;0.0;-37.07932436961093;-2.7426396812199068;5.9476857812927975;-0.9850130438993152;-0.10261982299921554
226.492;0.0;-37.07932436961093;-2.7426396812199068;5.9476857812927975;-0.9850130438993152;-0.10261982299921554
226.602;0.0;-37.07932436961093;-2.7426396812199068;5.9476857812927975;-0.9850130438993152;-0.10261982299921554
226.704;0.0;-37.07932436961093;-2.7426396812199068;5.9476857812927975;-0.9850130438993152;-0.10261982299921554
226.807;0.0;-37.07932436961093;-2.7426396812199068;5.9476857812927975;-0.9850130438993152;-0.10261982299921554
226.923;0.0;-37.07932436961093;-2.7426396812199068;5.9476857812927975;-0.9850130438993152;-0.10261982299921554
227.026;0.0;-37.07932436961093;-2.7426396812199068;5.9476857812927975;-0.9850130438993152;-0.10261982299921554
227.127;0.0;-37.07932436961093;-2.7426396812199068;5.9476857812927975;-0.9850130438993152;-0.10261982299921554
227.242;0.0;-37.07932436961093;-2.7426396812199068;5.9476857812927975;-0.9850130438993152;-0.10261982299921554
227.347;0.0;-37.07932436961093;-2.7426396812199068;5.9476857812927975;-0.9850130438993152;-0.10261982299921554
227.448;0.0;-37.07932436961093;-2.7426396812199068;5.9476857812927975;-0.9850130438993152;-0.10261982299921554
227.554;0.0;-37.07932436961093;-2.7426396812199068;5.9476857812927975;-0.9850130438993152;-0.10261982299921554
227.665;0.0;-37.07932436961093;-2.7426396812199068;5.9476857812927975;-0.9850130438993152;-0.10261982299921554
227.782;0.0;-37.07932436961093;-2.7426396812199068;5.9476857812927975;-0.9850130438993152;-0.10261982299921554
227.888;0.0;-37.07932436961093;-2.7426396812199068;5.9476857812927975;-0.9850130438993152;-0.10261982299921554
227.989;0.0;-37.07932436961093;-2.7426396812199068;5.9476857812927975;-0.9850130438993152;-0.10261982299921554
228.097;0.0;-37.07932436961093;-2.7426396812199068;5.9476857812927975;-0.9850130438993152;-0.10261982299921554
228.211;0.0;-36.8654817315793;-2.7203613024711135;5.9476857812927975;-0.9850130438993152;-0.10261982299921554
228.315;0.0;-36.100869973501105;-2.6407031458983927;5.9476857812927975;-0.9850130438993152;-0.10261982299921554
228.416;0.0;-35.59858842835705;-2.588374860930297;5.9476857812927975;-0.9850130438993152;-0.10261982299921554
228.516;0.0;-35.09009052745626;-2.5353989486729915;5.9476857812927975;-0.9850130438993152;-0.10261982299921554
228.617;0.0;-34.58159262655548;-2.482423036415686;5.9476857812927975;-0.9850130438993152;-0.10261982299921554
228.717;0.0;-34.07433799680604;-2.4295766496162226;5.9476857812927975;-0.9850130438993152;-0.10261982299921554
228.818;0.0;-33.56086701129986;-2.37608263552755;5.9476857812927975;-0.9850130438993152;-0.10261982299921554
228.919;0.0;-33.04739602579369;-2.3225886214388773;5.9476857812927975;-0.9850130438993152;-0.10261982299921554
229.022;0.0;-32.5388981248929;-2.2696127091815717;5.9476857812927975;-0.9850130438993152;-0.10261982299921554
229.124;0.0;-32.28154099656414;-2.2428009394083146;5.9476857812927975;-0.9850130438993152;-0.10261982299921554
229.229;0.0;-31.513199425031903;-2.1627542064620684;5.9476857812927975;-0.9850130438993152;-0.10261982299921554
229.341;0.0;-31.000971710677074;-2.1093897178312377;5.9476857812927975;-0.9850130438993152;-0.10261982299921554
229.446;0.0;-30.48874399632225;-2.056025229200407;5.9476857812927975;-0.9850130438993152;-0.10261982299921554
229.548;0.0;-29.982732637724155;-2.0033083678587853;5.9476857812927975;-0.9850130438993152;-0.10261982299921554
229.654;0.0;-29.471748194520675;-1.9500734046857962;5.9476857812927975;-0.9850130438993152;-0.10261982299921554
229.762;0.0;-28.964493564771235;-1.8972270178863329;5.9476857812927975;-0.9850130438993152;-0.10261982299921554
229.863;0.0;-28.20982797590381;-1.8186050649763466;5.9476857812927975;-0.9850130438993152;-0.10261982299921554
229.973;0.0;-27.95620066102909;-1.792181871576615;5.9476857812927975;-0.9850130438993152;-0.10261982299921554
230.079;0.0;-27.44894603127965;-1.7393354847771514;5.9476857812927975;-0.9850130438993152;-0.10261982299921554
230.191;0.0;-27.133155158837596;-1.7064360184853284;5.9476857812927975;-0.9850130438993152;-0.10261982299921554
230.302;0.0;-26.48761676067575;-1.6228609478142642;5.800081640340564;-0.9852741419493871;-0.10008191609918121
230.412;0.0;-25.81139143573954;-1.537753453510267;5.645820586784462;-0.9855400274656165;-0.09742884063385181
230.525;0.0;-25.14080581661277;-1.455804552385808;5.493205950957134;-0.9857960451766078;-0.09480338621770937
230.625;0.0;-24.12232268027337;-1.3359669834527148;5.262092816805103;-0.986170431405929;-0.09082623489294635
230.732;0.0;-23.781782344417635;-1.297133913153428;5.184998180483414;-0.9862917503453213;-0.08949920628110142
230.849;0.0;-23.09497063650986;-1.2206852835705169;5.029783768387843;-0.9865305845808713;-0.08682701429111178
230.954;0.0;-22.060382972583746;-1.110215499007681;4.796654906931876;-0.9868757047836977;-0.08281224566369756
231.07;0.0;-21.376090893517027;-1.0402213107071918;4.642903998808573;-0.987094374608741;-0.0801637096195233
231.177;0.0;-20.684132363263437;-0.9719103609029891;4.4877858862308155;-0.9873077858047977;-0.07749103698759087
231.288;0.0;-19.992856126346336;-0.9061273522782782;4.333173954741291;-0.9875132994243719;-0.07482652059380766
231.402;0.0;-19.30898125832253;-0.8434522972542565;4.180561377615528;-0.9877091034425263;-0.07219592579187281
231.511;0.0;-18.2696048186411;-0.752738586524461;3.94926307547101;-0.9879925034180951;-0.06820804874668569
231.618;0.0;-17.583319694048296;-0.695821559485685;3.7969634099840155;-0.9881703187002886;-0.06558159775390493
231.718;0.0;-16.887653172168427;-0.6405268051009154;3.6429214617155656;-0.988343065817738;-0.06292462931300428
231.827;0.0;-16.192700004130295;-0.5876857893145723;3.48937553197333;-0.988508147176029;-0.060275763709794275
231.942;0.0;-15.1518396905353;-0.5129907634407077;3.260028196401556;-0.9887415029536447;-0.05631842559191768
232.045;0.0;-14.803278489335902;-0.4891613722600793;3.1833906676147685;-0.988815948688739;-0.05499585750739641
232.157;0.0;-13.759543671667188;-0.4213334472222804;2.9543985527559844;-0.9890278508603507;-0.051043461351486394
232.265;0.0;-13.061961938734802;-0.37892990996232;2.801758599260283;-0.9891603243456356;-0.04840844414585004
232.378;0.0;-12.363427286049603;-0.3388028683565867;2.6492334280789307;-0.9892856857989288;-0.0457750652378315
232.483;0.0;-11.670754069060996;-0.3013047141254649;2.498304485574285;-0.989402834308316;-0.0431689261721406
232.584;0.0;-10.968623828738693;-0.2656095008218816;2.345633365722036;-0.9895143502246728;-0.040532399677643334
232.685;0.0;-10.267250025127915;-0.23226510248067145;2.1934437479700994;-0.9896185219270452;-0.03790390195105006
232.796;0.0;-9.217696636115049;-0.18665340091148974;1.9662886164661044;-0.9897610180834298;-0.033980167842986006
232.907;0.0;-8.513970952165044;-0.15892757155818782;1.8143696345838234;-0.9898476367356502;-0.03135571356280602
233.035;0.0;-7.807590055378331;-0.1333870443543228;1.6621876588655304;-0.9899274282547863;-0.028726494966312067
233.144;0.0;-7.108856656862441;-0.11036647532256882;1.5119561183753334;-0.9899993471372649;-0.02613077480623103
233.257;0.0;-6.047848196895495;-0.07964682579026894;1.2844030518249383;-0.9900953188250826;-0.022198746920553958
233.366;0.0;-5.345086204860384;-0.06209252264692244;1.1340566263895415;-0.990150160469658;-0.019600623614964452
233.474;0.0;-4.636229275480058;-0.04662507904686353;0.9827048804540517;-0.9901984825270745;-0.016984991176433647
233.582;0.0;-3.9247151109855123;-0.033347768754314555;0.8310845276271742;-0.9902399623583178;-0.01436459789836901
233.693;0.0;-3.2139994836840144;-0.022320696683131747;0.6799303393931055;-0.9902744121887839;-0.011752161007382538
233.813;0.0;-2.507556147946065;-0.013561009157475934;0.5299752055802234;-0.9903017784514005;-0.009160366814606656
233.914;0.0;-1.4513925986736975;-0.004530368581732835;0.30631995161929315;-0.9903299912022397;-0.005294643477739019
234.02;0.0;-0.7426832974372969;-0.0011840021612380403;0.156597340403845;-0.9903404456324928;-0.0027067450231579326
234.132;0.0;-0.07483500756102802;-1.200015646218855e-05;0.01576527151577035;-0.9903441071003883;-0.000272499026441224
234.245;-0.0;0.0;0.0;0.0;-0.9903441445902453;0.0
234.352;-0.0;0.0;0.0;0.0;-0.8046546174795742;0.0
234.465;-0.0;0.0;0.0;0.0;-0.49517207229512267;0.0
234.569;-0.0;0.0;0.0;0.0;-0.3094825451844516;0.0
234.67;-0.0;0.0;0.0;0.0;-0.1237930180737806;0.0
234.781;-0.0;0.0;0.0;0.0;-0.0;0.0
234.888;-0.0;0.0;0.0;0.0;-0.0;0.0
235.001;-0.0;0.0;0.0;0.0;-0.0;0.0
235.111;-0.0;0.0;0.0;0.0;-0.0;0.0
235.229;-0.0;0.0;0.0;0.0;-0.0;0.0
235.335;-0.0;0.0;0.0;0.0;-0.0;0.0
235.446;-0.0;0.0;0.0;0.0;-0.0;0.0
235.549;-0.0;0.0;0.0;0.0;-0.0;0.0
235.651;-0.0;0.0;0.0;0.0;-0.0;0.0
235.765;-0.0;0.0;0.0;0.0;-0.0;0.0
235.884;-0.0;0.0;0.0;0.0;-0.0;0.0
235.985;-0.0;0.0;0.0;0.0;-0.0;0.0
236.102;-0.0;0.0;0.0;0.0;-0.0;0.0
236.213;-0.0;0.0;0.0;0.0;-0.0;0.0
236.32;-0.0;0.0;0.0;0.0;-0.0;0.0
236.421;-0.0;0.0;0.0;0.0;-0.0;0.0
236.533;-0.0;0.0;0.0;0.0;-0.0;0.0
236.64;-0.0;0.0;0.0;0.0;-0.0;0.0
236.741;-0.0;0.0;0.0;0.0;-0.0;0.0
236.845;-0.0;0.0;0.0;0.0;-0.0;0.0
236.945;-0.0;0.0;0.0;0.0;-0.0;0.0
237.046;-0.0;0.0;0.0;0.0;-0.0;0.0
237.147;-0.0;0.0;0.0;0.0;-0.0;0.0
237.247;-0.0;0.0;0.0;0.0;-0.0;0.0
237.348;-0.0;0.0;0.0;0.0;-0.0;0.0
237.449;-0.0;0.0;0.0;0.0;-0.0;0.0
237.551;-0.0;0.0;0.0;0.0;-0.0;0.0
237.654;-0.0;0.0;0.0;0.0;-0.0;0.0
237.759;-0.0;0.0;0.0;0.0;-0.0;0.0
237.861;-0.0;0.0;0.0;0.0;-0.0;0.0
237.961;-0.0;0.0;0.0;0.0;-0.0;0.0
238.063;-0.0;0.0;0.0;0.0;-0.0;0.0
238.17;-0.0;0.0;0.0;0.0;-0.0;0.0
238.28;-0.0;0.0;0.0;0.0;-0.0;0.0
238.391;-0.0;0.0;0.0;0.0;-0.0;0.0
238.513;-0.0;0.0;0.0;0.0;-0.0;0.0
238.618;-0.0;0.0;0.0;0.0;-0.0;0.0
238.724;-0.0;0.0;0.0;0.0;-0.0;0.0
238.843;-0.0;0.0;0.0;0.0;-0.0;0.0
238.946;-0.0;0.0;0.0;0.0;-0.0;0.0
239.048;-0.0;0.0;0.0;0.0;-0.0;0.0
239.152;-0.0;0.0;0.0;0.0;-0.0;0.0
239.264;-0.0;0.0;0.0;0.0;-0.0;0.0
239.38;-0.0;0.0;0.0;0.0;-0.0;0.0
239.485;-0.0;0.0;0.0;0.0;-0.0;0.0
239.603;-0.0;0.0;0.0;0.0;-0.0;0.0
239.712;-0.0;0.0;0.0;0.0;-0.0;0.0
239.823;-0.0;0.0;0.0;0.0;-0.0;0.0
239.932;-0.0;0.0;0.0;0.0;-0.0;0.0
240.04;-0.0;0.0;0.0;0.0;-0.0;0.0
240.157;-0.0;0.0;0.0;0.0;-0.0;0.0
240.264;-0.0;0.0;0.0;0.0;-0.0;0.0
240.381;-0.0;0.0;0.0;0.0;-0.0;0.0
240.489;-0.0;0.0;0.0;0.0;-0.0;0.0
240.6;-0.0;0.0;0.0;0.0;-0.0;0.0
240.71;-0.0;0.0;0.0;0.0;-0.0;0.0
240.819;-0.0;0.0;0.0;0.0;-0.0;0.0
240.919;-0.0;0.0;0.0;0.0;-0.0;0.0
241.032;-0.0;0.0;0.0;0.0;-0.0;0.0
241.14;-0.0;0.0;0.0;0.0;-0.0;0.0
241.254;-0.0;0.0;0.0;0.0;-0.0;0.0
241.362;-0.0;0.0;0.0;0.0;-0.0;0.0
241.471;-0.0;0.0;0.0;0.0;-0.0;0.0
241.579;-0.0;0.0;0.0;0.0;-0.0;0.0
241.696;-0.0;0.0;0.0;0.0;-0.0;0.0
241.8;-0.0;0.0;0.0;0.0;-0.0;0.0
241.911;-0.0;0.0;0.0;0.0;-0.0;0.0
242.012;-0.0;0.0;0.0;0.0;-0.0;0.0
242.116;-0.0;0.0;0.0;0.0;-0.0;0.0
242.229;-0.0;0.0;0.0;0.0;-0.0;0.0
242.338;-0.0;0.0;0.0;0.0;-0.0;0.0
242.449;-0.0;0.0;0.0;0.0;-0.0;0.0
242.558;-0.0;0.0;0.0;0.0;-0.0;0.0
242.674;-0.0;0.0;0.0;0.0;-0.0;0.0
242.784;-0.0;0.0;0.0;0.0;-0.0;0.0
242.895;-0.0;0.0;0.0;0.0;-0.0;0.0
243.003;-0.0;0.0;0.0;0.0;-0.0;0.0
243.115;-0.0;0.0;0.0;0.0;-0.0;0.0
243.228;-0.0;0.0;0.0;0.0;-0.0;0.0
243.336;-0.0;0.0;0.0;0.0;-0.0;0.0
243.436;-0.0;0.0;0.0;0.0;-0.0;0.0
243.539;-0.0;0.0;0.0;0.0;-0.0;0.0
243.653;-0.0;0.0;0.0;0.0;-0.0;0.0
243.765;-0.0;0.0;0.0;0.0;-0.0;0.0
243.876;-0.0;0.0;0.0;0.0;-0.0;0.0
243.988;-0.0;0.0;0.0;0.0;-0.0;0.0
244.099;-0.0;0.0;0.0;0.0;-0.0;0.0
244.207;-0.0;0.0;0.0;0.0;-0.0;0.0
244.319;-0.0;0.0;0.0;0.0;-0.0;0.0
244.43;-0.0;0.0;0.0;0.0;-0.0;0.0
244.537;-0.0;0.0;0.0;0.0;-0.0;0.0
244.64;-0.0;0.0;0.0;0.0;-0.0;0.0
244.746;-0.0;0.0;0.0;0.0;-0.0;0.0
244.856;-0.0;0.0;0.0;0.0;-0.0;0.0
244.967;-0.0;0.0;0.0;0.0;-0.0;0.0
245.067;-0.0;0.0;0.0;0.0;-0.0;0.0
245.191;-0.0;0.0;0.0;0.0;-0.0;0.0
245.301;-0.0;0.0;0.0;0.0;-0.0;0.0
245.414;-0.0;0.0;0.0;0.0;-0.0;0.0
245.522;-0.0;0.0;0.0;0.0;-0.0;0.0
245.622;-0.0;0.0;0.0;0.0;-0.0;0.0
245.731;-0.0;0.0;0.0;0.0;-0.0;0.0
245.839;-0.0;0.0;0.0;0.0;-0.0;0.0
245.939;-0.0;0.0;0.0;0.0;-0.0;0.0
246.048;-0.0;0.0;0.0;0.0;-0.0;0.0
246.149;-0.0;0.0;0.0;0.0;-0.0;0.0
246.249;-0.0;0.0;0.0;0.0;-0.0;0.0
246.35;-0.0;0.0;0.0;0.0;-0.0;0.0
246.451;-0.0;0.0;0.0;0.0;-0.0;0.0
246.559;-0.0;0.0;0.0;0.0;-0.0;0.0
246.659;-0.0;0.0;0.0;0.0;-0.0;0.0
246.761;-0.0;0.0;0.0;0.0;-0.0;0.0
246.87;-0.0;0.0;0.0;0.0;-0.0;0.0
246.973;-0.0;0.0;0.0;0.0;-0.0;0.0
247.078;-0.0;0.0;0.0;0.0;-0.0;0.0
247.18;-0.0;0.0;0.0;0.0;-0.0;0.0
247.297;-0.0;0.0;0.0;0.0;-0.0;0.0
247.409;-0.0;0.0;0.0;0.0;-0.0;0.0
247.518;-0.0;0.0;0.0;0.0;-0.0;0.0
247.63;-0.0;0.0;0.0;0.0;-0.0;0.0
247.738;-0.0;0.0;0.0;0.0;-0.0;0.0
247.847;-0.0;0.0;0.0;0.0;-0.0;0.0
247.958;-0.0;0.0;0.0;0.0;-0.0;0.0
248.065;-0.0;0.0;0.0;0.0;-0.0;0.0
248.178;-0.0;0.0;0.0;0.0;-0.0;0.0
248.291;-0.0;0.0;0.0;0.0;-0.0;0.0
248.403;-0.0;0.0;0.0;0.0;-0.0;0.0
248.505;-0.0;0.0;0.0;0.0;-0.0;0.0
248.61;-0.0;0.0;0.0;0.0;-0.0;0.0
248.718;-0.0;0.0;0.0;0.0;-0.0;0.0
248.825;-0.0;0.0;0.0;0.0;-0.0;0.0
248.938;-0.0;0.0;0.0;0.0;-0.0;0.0
249.041;-0.0;0.0;0.0;0.0;-0.0;0.0
249.164;-0.0;0.0;0.0;0.0;-0.0;0.0
249.265;-0.0;0.0;0.0;0.0;-0.0;0.0
249.367;-0.0;0.0;0.0;0.0;-0.0;0.0
249.469;-0.0;0.0;0.0;0.0;-0.0;0.0
249.57;-0.0;0.0;0.0;0.0;-0.0;0.0
249.67;-0.0;0.0;0.0;0.0;-0.0;0.0
249.77;-0.0;0.0;0.0;0.0;-0.0;0.0
249.871;-0.0;0.0;0.0;0.0;-0.0;0.0
249.974;-0.0;0.0;0.0;0.0;-0.0;0.0
250.074;-0.0;0.0;0.0;0.0;-0.0;0.0
250.175;-0.0;0.0;0.0;0.0;-0.0;0.0
250.28;-0.0;0.0;0.0;0.0;-0.0;0.0
250.391;-0.0;0.0;0.0;0.0;-0.0;0.0
250.491;-0.0;0.0;0.0;0.0;-0.0;0.0
250.599;-0.0;0.0;0.0;0.0;-0.0;0.0
250.703;-0.0;0.0;0.0;0.0;-0.0;0.0
250.818;-0.0;0.0;0.0;0.0;-0.0;0.0
250.928;-0.0;0.0;0.0;0.0;-0.0;0.0
251.036;-0.0;0.0;0.0;0.0;-0.0;0.0
251.154;-0.0;0.0;0.0;0.0;-0.0;0.0
251.265;-0.0;0.0;0.0;0.0;-0.0;0.0
251.371;-0.0;0.0;0.0;0.0;-0.0;0.0
251.472;-0.0;0.0;0.0;0.0;-0.0;0.0
251.579;-0.0;0.0;0.0;0.0;-0.0;0.0
251.694;-0.0;0.0;0.0;0.0;-0.0;0.0
251.798;-0.0;0.0;0.0;0.0;-0.0;0.0
251.916;-0.0;0.0;0.0;0.0;-0.0;0.0
252.019;-0.0;0.0;0.0;0.0;-0.0;0.0
252.121;-0.0;0.0;0.0;0.0;-0.0;0.0
252.231;-0.0;0.0;0.0;0.0;-0.0;0.0
252.345;-0.0;0.0;0.0;0.0;-0.0;0.0
252.452;-0.0;0.0;0.0;0.0;-0.0;0.0
252.571;-0.0;0.0;0.0;0.0;-0.0;0.0
252.679;-0.0;0.0;0.0;0.0;-0.0;0.0
252.794;-0.0;0.0;0.0;0.0;-0.0;0.0
252.902;-0.0;0.0;0.0;0.0;-0.0;0.0
253.012;-0.0;0.0;0.0;0.0;-0.0;0.0
253.126;-0.0;0.0;0.0;0.0;-0.0;0.0
253.233;-0.0;0.0;0.0;0.0;-0.0;0.0
253.345;-0.0;0.0;0.0;0.0;-0.0;0.0
253.456;-0.0;0.0;0.0;0.0;-0.0;0.0
253.567;-0.0;0.0;0.0;0.0;-0.0;0.0
253.68;-0.0;0.0;0.0;0.0;-0.0;0.0
253.794;-0.0;0.0;0.0;0.0;-0.0;0.0
253.897;-0.0;0.0;0.0;0.0;-0.0;0.0
254.002;-0.0;0.0;0.0;0.0;-0.0;0.0
254.113;-0.0;0.0;0.0;0.0;-0.0;0.0
254.223;-0.0;0.0;0.0;0.0;-0.0;0.0
254.328;-0.0;0.0;0.0;0.0;-0.0;0.0
254.442;-0.0;0.0;0.0;0.0;-0.0;0.0
254.551;-0.0;0.0;0.0;0.0;-0.0;0.0
254.653;-0.0;0.0;0.0;0.0;-0.0;0.0
254.77;-0.0;0.0;0.0;0.0;-0.0;0.0
254.873;-0.0;0.0;0.0;0.0;-0.0;0.0
254.986;-0.0;0.0;0.0;0.0;-0.0;0.0
255.097;-0.0;0.0;0.0;0.0;-0.0;0.0
255.206;-0.0;0.0;0.0;0.0;-0.0;0.0
255.315;-0.0;0.0;0.0;0.0;-0.0;0.0
255.427;-0.0;0.0;0.0;0.0;-0.0;0.0
255.529;-0.0;0.0;0.0;0.0;-0.0;0.0
255.652;-0.0;0.0;0.0;0.0;-0.0;0.0
255.754;-0.0;0.0;0.0;0.0;-0.0;0.0
255.858;-0.0;0.0;0.0;0.0;-0.0;0.0
255.98;-0.0;0.0;0.0;0.0;-0.0;0.0
256.083;-0.0;0.0;0.0;0.0;-0.0;0.0
256.192;-0.0;0.0;0.0;0.0;-0.0;0.0
256.301;-0.0;0.0;0.0;0.0;-0.0;0.0
256.419;-0.0;0.0;0.0;0.0;-0.0;0.0
256.546;-0.0;0.0;0.0;0.0;-0.0;0.0
256.658;-0.0;0.0;0.0;0.0;-0.0;0.0
256.759;-0.0;0.0;0.0;0.0;-0.0;0.0
256.86;-0.0;0.0;0.0;0.0;-0.0;0.0
256.968;-0.0;0.0;0.0;0.0;-0.0;0.0
257.069;-0.0;0.0;0.0;0.0;-0.0;0.0
257.174;-0.0;0.0;0.0;0.0;-0.0;0.0
257.287;-0.0;0.0;0.0;0.0;-0.0;0.0
257.388;-0.0;0.0;0.0;0.0;-0.0;0.0
257.491;-0.0;0.0;0.0;0.0;-0.0;0.0
257.603;-0.0;0.0;0.0;0.0;-0.0;0.0
257.715;-0.0;0.0;0.0;0.0;-0.0;0.0
257.815;-0.0;0.0;0.0;0.0;-0.0;0.0
257.943;-0.0;0.0;0.0;0.0;-0.0;0.0
258.05;-0.0;0.0;0.0;0.0;-0.0;0.0
258.166;-0.0;0.0;0.0;0.0;-0.0;0.0
258.271;-0.0;0.0;0.0;0.0;-0.0;0.0
258.391;-0.0;0.0;0.0;0.0;-0.0;0.0
258.499;-0.0;0.0;0.0;0.0;-0.0;0.0
258.603;-0.0;0.0;0.0;0.0;-0.0;0.0
258.719;-0.0;0.0;0.0;0.0;-0.0;0.0
258.829;-0.0;0.0;0.0;0.0;-0.0;0.0
258.942;-0.0;0.0;0.0;0.0;-0.0;0.0
259.05;-0.0;0.0;0.0;0.0;-0.0;0.0
259.163;-0.0;0.0;0.0;0.0;-0.0;0.0
259.278;-0.0;0.0;0.0;0.0;-0.0;0.0
259.386;-0.0;0.0;0.0;0.0;-0.0;0.0
259.487;-0.0;0.0;0.0;0.0;-0.0;0.0
259.593;-0.0;0.0;0.0;0.0;-0.0;0.0
259.699;-0.0;0.0;0.0;0.0;-0.0;0.0
259.816;-0.0;0.0;0.0;0.0;-0.0;0.0
259.924;-0.0;0.0;0.0;0.0;-0.0;0.0
260.037;-0.0;0.0;0.0;0.0;-0.0;0.0
260.146;-0.0;0.0;0.0;0.0;-0.0;0.0
260.257;-0.0;0.0;0.0;0.0;-0.0;0.0
260.359;-0.0;0.0;0.0;0.0;-0.0;0.0
260.469;-0.0;0.0;0.0;0.0;-0.0;0.0
260.575;-0.0;0.0;0.0;0.0;-0.0;0.0
260.686;-0.0;0.0;0.0;0.0;-0.0;0.0
260.802;-0.0;0.0;0.0;0.0;-0.0;0.0
260.912;-0.0;0.0;0.0;0.0;-0.0;0.0
261.02;-0.0;0.0;0.0;0.0;-0.0;0.0
261.132;-0.0;0.0;0.0;0.0;-0.0;0.0
261.242;-0.0;0.0;0.0;0.0;-0.0;0.0
261.346;-0.0;0.0;0.0;0.0;-0.0;0.0
261.449;-0.0;0.0;0.0;0.0;-0.0;0.0
261.566;-0.0;0.0;0.0;0.0;-0.0;0.0
261.672;-0.0;0.0;0.0;0.0;-0.0;0.0
261.789;-0.0;0.0;0.0;0.0;-0.0;0.0
261.895;-0.0;0.0;0.0;0.0;-0.0;0.0
262.009;-0.0;0.0;0.0;0.0;-0.0;0.0
262.119;-0.0;0.0;0.0;0.0;-0.0;0.0
262.229;-0.0;0.0;0.0;0.0;-0.0;0.0
262.338;-0.0;0.0;0.0;0.0;-0.0;0.0
262.447;-0.0;0.0;0.0;0.0;-0.0;0.0
262.559;-0.0;0.0;0.0;0.0;-0.0;0.0
262.666;-0.0;0.0;0.0;0.0;-0.0;0.0
262.771;-0.0;0.0;0.0;0.0;-0.0;0.0
262.874;-0.0;0.0;0.0;0.0;-0.0;0.0
262.98;-0.0;0.0;0.0;0.0;-0.0;0.0
263.101;-0.0;0.0;0.0;0.0;-0.0;0.0
263.205;-0.0;0.0;0.0;0.0;-0.0;0.0
263.312;-0.0;0.0;0.0;0.0;-0.0;0.0
263.424;-0.0;0.0;0.0;0.0;-0.0;0.0
263.535;-0.0;0.0;0.0;0.0;-0.0;0.0
263.644;-0.0;0.0;0.0;0.0;-0.0;0.0
263.76;-0.0;0.0;0.0;0.0;-0.0;0.0
263.869;-0.0;0.0;0.0;0.0;-0.0;0.0
263.976;-0.0;0.0;0.0;0.0;-0.0;0.0
264.086;-0.0;0.0;0.0;0.0;-0.0;0.0
264.199;-0.0;0.0;0.0;0.0;-0.0;0.0
264.299;-0.0;0.0;0.0;0.0;-0.0;0.0
264.407;-0.0;0.0;0.0;0.0;-0.0;0.0
264.513;-0.0;0.0;0.0;0.0;-0.0;0.0
264.625;-0.0;0.0;0.0;0.0;-0.0;0.0
264.733;-0.0;0.0;0.0;0.0;-0.0;0.0
264.845;-0.0;0.0;0.0;0.0;-0.0;0.0
264.951;-0.0;0.0;0.0;0.0;-0.0;0.0
265.064;-0.0;0.0;0.0;0.0;-0.0;0.0
265.18;-0.0;0.0;0.0;0.0;-0.0;0.0
265.289;-0.0;0.0;0.0;0.0;-0.0;0.0
265.4;-0.0;0.0;0.0;0.0;-0.0;0.0
265.501;-0.0;0.0;0.0;0.0;-0.0;0.0
265.607;-0.0;0.0;0.0;0.0;-0.0;0.0
265.723;-0.0;0.0;0.0;0.0;-0.0;0.0
265.828;-0.0;0.0;0.0;0.0;-0.0;0.0
265.948;-0.0;0.0;0.0;0.0;-0.0;0.0
266.051;-0.0;0.0;0.0;0.0;-0.0;0.0
266.16;-0.0;0.0;0.0;0.0;-0.0;0.0
266.272;-0.0;0.0;0.0;0.0;-0.0;0.0
266.382;-0.0;0.0;0.0;0.0;-0.0;0.0
266.494;-0.0;0.0;0.0;0.0;-0.0;0.0
266.61;-0.0;0.0;0.0;0.0;-0.0;0.0
266.721;-0.0;0.0;0.0;0.0;-0.0;0.0
266.83;-0.0;0.0;0.0;0.0;-0.0;0.0
266.945;-0.0;0.0;0.0;0.0;-0.0;0.0
267.05;-0.0;0.0;0.0;0.0;-0.0;0.0
267.167;-0.0;0.0;0.0;0.0;-0.0;0.0
267.276;-0.0;0.0;0.0;0.0;-0.0;0.0
267.386;-0.0;0.0;0.0;0.0;-0.0;0.0
267.489;-0.0;0.0;0.0;0.0;-0.0;0.0
267.596;-0.0;0.0;0.0;0.0;-0.0;0.0
267.705;-0.0;0.0;0.0;0.0;-0.0;0.0
267.817;-0.0;0.0;0.0;0.0;-0.0;0.0
267.924;-0.0;0.0;0.0;0.0;-0.0;0.0
268.039;-0.0;0.0;0.0;0.0;-0.0;0.0
268.145;-0.0;0.0;0.0;0.0;-0.0;0.0
268.262;-0.0;0.0;0.0;0.0;-0.0;0.0
268.368;-0.0;0.0;0.0;0.0;-0.0;0.0
268.469;-0.0;0.0;0.0;0.0;-0.0;0.0
268.574;-0.0;0.0;0.0;0.0;-0.0;0.0
268.689;-0.0;0.0;0.0;0.0;-0.0;0.0
268.797;-0.0;0.0;0.0;0.0;-0.0;0.0
268.912;-0.0;0.0;0.0;0.0;-0.0;0.0
269.019;-0.0;0.0;0.0;0.0;-0.0;0.0
269.131;-0.0;0.0;0.0;0.0;-0.0;0.0
269.24;-0.0;0.0;0.0;0.0;-0.0;0.0
269.35;-0.0;0.0;0.0;0.0;-0.0;0.0
269.465;-0.0;0.0;0.0;0.0;-0.0;0.0
269.567;-0.0;0.0;0.0;0.0;-0.0;0.0
269.667;-0.0;0.0;0.0;0.0;-0.0;0.0
269.78;-0.0;0.0;0.0;0.0;-0.0;0.0
269.891;-0.0;0.0;0.0;0.0;-0.0;0.0
269.999;-0.0;0.0;0.0;0.0;-0.0;0.0
270.1;-0.0;0.0;0.0;0.0;-0.0;0.0
270.204;-0.0;0.0;0.0;0.0;-0.0;0.0
270.33;-0.0;0.0;0.0;0.0;-0.0;0.0
270.443;-0.0;0.0;0.0;0.0;-0.0;0.0
270.549;-0.0;0.0;0.0;0.0;-0.0;0.0
270.665;-0.0;0.0;0.0;0.0;-0.0;0.0
270.772;-0.0;0.0;0.0;0.0;-0.0;0.0
270.885;-0.0;0.0;0.0;0.0;-0.0;0.0
270.997;-0.0;0.0;0.0;0.0;-0.0;0.0
271.098;-0.0;0.0;0.0;0.0;-0.0;0.0
271.204;-0.0;0.0;0.0;0.0;-0.0;0.0
271.314;-0.0;0.0;0.0;0.0;-0.0;0.0
271.427;-0.0;0.0;0.0;0.0;-0.0;0.0
271.541;-0.0;0.0;0.0;0.0;-0.0;0.0
271.649;-0.0;0.0;0.0;0.0;-0.0;0.0
271.757;-0.0;0.0;0.0;0.0;-0.0;0.0
271.86;-0.0;0.0;0.0;0.0;-0.0;0.0
271.964;-0.0;0.0;0.0;0.0;-0.0;0.0
272.072;-0.0;0.0;0.0;0.0;-0.0;0.0
272.188;-0.0;0.0;0.0;0.0;-0.0;0.0
272.298;-0.0;0.0;0.0;0.0;-0.0;0.0
272.41;-0.0;0.0;0.0;0.0;-0.0;0.0
272.518;-0.0;0.0;0.0;0.0;-0.0;0.0
272.634;-0.0;0.0;0.0;0.0;-0.0;0.0
272.734;-0.0;0.0;0.0;0.0;-0.0;0.0
272.835;-0.0;0.0;0.0;0.0;-0.0;0.0
272.952;-0.0;0.0;0.0;0.0;-0.0;0.0
273.055;-0.0;0.0;0.0;0.0;-0.0;0.0
273.173;-0.0;0.0;0.0;0.0;-0.0;0.0
273.284;-0.0;0.0;0.0;0.0;-0.0;0.0
273.392;-0.0;0.0;0.0;0.0;-0.0;0.0
273.507;-0.0;0.0;0.0;0.0;-0.0;0.0
273.611;-0.0;0.0;0.0;0.0;-0.0;0.0
273.726;-0.0;0.0;0.0;0.0;-0.0;0.0
273.843;-0.0;0.0;0.0;0.0;-0.0;0.0
273.951;-0.0;0.0;0.0;0.0;-0.0;0.0
274.058;-0.0;0.0;0.0;0.0;-0.0;0.0
274.158;-0.0;0.0;0.0;0.0;-0.0;0.0
274.268;-0.0;0.0;0.0;0.0;-0.0;0.0
274.384;-0.0;0.0;0.0;0.0;-0.0;0.0
274.489;-0.0;0.0;0.0;0.0;-0.0;0.0
274.607;-0.0;0.0;0.0;0.0;-0.0;0.0
274.716;-0.0;0.0;0.0;0.0;-0.0;0.0
274.816;-0.0;0.0;0.0;0.0;-0.0;0.0
274.92;-0.0;0.0;0.0;0.0;-0.0;0.0
275.037;-0.0;0.0;0.0;0.0;-0.0;0.0
275.146;-0.0;0.0;0.0;0.0;-0.0;0.0
275.26;-0.0;0.0;0.0;0.0;-0.0;0.0
275.369;-0.0;0.0;0.0;0.0;-0.0;0.0
275.477;-0.0;0.0;0.0;0.0;-0.0;0.0
275.579;-0.0;0.0;0.0;0.0;-0.0;0.0
275.685;-0.0;0.0;0.0;0.0;-0.0;0.0
275.786;-0.0;0.0;0.0;0.0;-0.0;0.0
275.886;-0.0;0.0;0.0;0.0;-0.0;0.0
275.987;-0.0;0.0;0.0;0.0;-0.0;0.0
276.087;-0.0;0.0;0.0;0.0;-0.0;0.0
276.188;-0.0;0.0;0.0;0.0;-0.0;0.0
276.292;-0.0;0.0;0.0;0.0;-0.0;0.0
276.395;-0.0;0.0;0.0;0.0;-0.0;0.0
276.495;-0.0;0.0;0.0;0.0;-0.0;0.0
276.596;-0.0;0.0;0.0;0.0;-0.0;0.0
276.705;-0.0;0.0;0.0;0.0;-0.0;0.0
276.805;-0.0;0.0;0.0;0.0;-0.0;0.0
276.925;-0.0;0.0;0.0;0.0;-0.0;0.0
277.031;-0.0;0.0;0.0;0.0;-0.0;0.0
277.132;-0.0;0.0;0.0;0.0;-0.0;0.0
277.25;-0.0;0.0;0.0;0.0;-0.0;0.0
277.354;-0.0;0.0;0.0;0.0;-0.0;0.0
277.468;-0.0;0.0;0.0;0.0;-0.0;0.0
277.57;-0.0;0.0;0.0;0.0;-0.0;0.0
277.677;-0.0;0.0;0.0;0.0;-0.0;0.0
277.793;-0.0;0.0;0.0;0.0;-0.0;0.0
277.9;-0.0;0.0;0.0;0.0;-0.0;0.0
278.011;-0.0;0.0;0.0;0.0;-0.0;0.0
278.123;-0.0;0.0;0.0;0.0;-0.0;0.0
278.228;-0.0;0.0;0.0;0.0;-0.0;0.0
278.344;-0.0;0.0;0.0;0.0;-0.0;0.0
278.447;-0.0;0.0;0.0;0.0;-0.0;0.0
278.551;-0.0;0.0;0.0;0.0;-0.0;0.0
278.654;-0.0;0.0;0.0;0.0;-0.0;0.0
278.761;-0.0;0.0;0.0;0.0;-0.0;0.0
278.876;-0.0;0.0;0.0;0.0;-0.0;0.0
278.982;-0.0;0.0;0.0;0.0;-0.0;0.0
279.083;-0.0;0.0;0.0;0.0;-0.0;0.0
279.204;-0.0;0.0;0.0;0.0;-0.0;0.0
279.315;-0.0;0.0;0.0;0.0;-0.0;0.0
279.421;-0.0;0.0;0.0;0.0;-0.0;0.0
279.533;-0.0;0.0;0.0;0.0;-0.0;0.0
279.642;-0.0;0.0;0.0;0.0;-0.0;0.0
279.754;-0.0;0.0;0.0;0.0;-0.0;0.0
279.862;-0.0;0.0;0.0;0.0;-0.0;0.0
279.973;-0.0;0.0;0.0;0.0;-0.0;0.0
280.082;-0.0;0.0;0.0;0.0;-0.0;0.0
280.193;-0.0;0.0;0.0;0.0;-0.0;0.0
280.302;-0.0;0.0;0.0;0.0;-0.0;0.0
280.418;-0.0;0.0;0.0;0.0;-0.0;0.0
280.53;-0.0;0.0;0.0;0.0;-0.0;0.0
280.636;-0.0;0.0;0.0;0.0;-0.0;0.0
280.746;-0.0;0.0;0.0;0.0;-0.0;0.0
280.86;-0.0;0.0;0.0;0.0;-0.0;0.0
280.974;-0.0;0.0;0.0;0.0;-0.0;0.0
281.08;-0.0;0.0;0.0;0.0;-0.0;0.0
281.192;-0.0;0.0;0.0;0.0;-0.0;0.0
281.302;-0.0;0.0;0.0;0.0;-0.0;0.0
281.415;-0.0;0.0;0.0;0.0;-0.0;0.0
281.516;-0.0;0.0;0.0;0.0;-0.0;0.0
281.625;-0.0;0.0;0.0;0.0;-0.0;0.0
281.732;-0.0;0.0;0.0;0.0;-0.0;0.0
281.847;-0.0;0.0;0.0;0.0;-0.0;0.0
281.953;-0.0;0.0;0.0;0.0;-0.0;0.0
282.054;-0.0;0.0;0.0;0.0;-0.0;0.0
282.173;-0.0;0.0;0.0;0.0;-0.0;0.0
282.289;-0.0;0.0;0.0;0.0;-0.0;0.0
282.401;-0.0;0.0;0.0;0.0;-0.0;0.0
282.511;-0.0;0.0;0.0;0.0;-0.0;0.0
282.621;-0.0;0.0;0.0;0.0;-0.0;0.0
282.722;-0.0;0.0;0.0;0.0;-0.0;0.0
282.827;-0.0;0.0;0.0;0.0;-0.0;0.0
282.942;-0.0;0.0;0.0;0.0;-0.0;0.0
283.054;-0.0;0.0;0.0;0.0;-0.0;0.0
283.165;-0.0;0.0;0.0;0.0;-0.0;0.0
283.271;-0.0;0.0;0.0;0.0;-0.0;0.0
283.384;-0.0;0.0;0.0;0.0;-0.0;0.0
283.486;-0.0;0.0;0.0;0.0;-0.0;0.0
283.59;-0.0;0.0;0.0;0.0;-0.0;0.0
283.704;-0.0;0.0;0.0;0.0;-0.0;0.0
283.815;-0.0;0.0;0.0;0.0;-0.0;0.0
283.924;-0.0;0.0;0.0;0.0;-0.0;0.0
284.025;-0.0;0.0;0.0;0.0;-0.0;0.0
284.145;-0.0;0.0;0.0;0.0;-0.0;0.0
284.258;-0.0;0.0;0.0;0.0;-0.0;0.0
284.365;-0.0;0.0;0.0;0.0;-0.0;0.0
284.48;-0.0;0.0;0.0;0.0;-0.0;0.0
284.59;-0.0;0.0;0.0;0.0;-0.0;0.0
284.701;-0.0;0.0;0.0;0.0;-0.0;0.0
284.802;-0.0;0.0;0.0;0.0;-0.0;0.0
284.91;-0.0;0.0;0.0;0.0;-0.0;0.0
285.016;-0.0;0.0;0.0;0.0;-0.0;0.0
285.117;-0.0;0.0;0.0;0.0;-0.0;0.0
285.24;-0.0;0.0;0.0;0.0;-0.0;0.0
285.355;-0.0;0.0;0.0;0.0;-0.0;0.0
285.467;-0.0;0.0;0.0;0.0;-0.0;0.0
285.577;-0.0;0.0;0.0;0.0;-0.0;0.0
285.678;-0.0;0.0;0.0;0.0;-0.0;0.0
285.779;-0.0;0.0;0.0;0.0;-0.0;0.0
285.893;-0.0;0.0;0.0;0.0;-0.0;0.0
286.005;-0.0;0.0;0.0;0.0;-0.0;0.0
286.115;-0.0;0.0;0.0;0.0;-0.0;0.0
286.225;-0.0;0.0;0.0;0.0;-0.0;0.0
286.336;-0.0;0.0;0.0;0.0;-0.0;0.0
286.45;-0.0;0.0;0.0;0.0;-0.0;0.0
286.555;-0.0;0.0;0.0;0.0;-0.0;0.0
286.664;-0.0;0.0;0.0;0.0;-0.0;0.0
286.783;-0.0;0.0;0.0;0.0;-0.0;0.0
286.889;-0.0;0.0;0.0;0.0;-0.0;0.0
286.99;-0.0;0.0;0.0;0.0;-0.0;0.0
287.112;-0.0;0.0;0.0;0.0;-0.0;0.0
287.227;-0.0;0.0;0.0;0.0;-0.0;0.0
287.334;-0.0;0.0;0.0;0.0;-0.0;0.0
287.45;-0.0;0.0;0.0;0.0;-0.0;0.0
287.559;-0.0;0.0;0.0;0.0;-0.0;0.0
287.66;-0.0;0.0;0.0;0.0;-0.0;0.0
287.766;-0.0;0.0;0.0;0.0;-0.0;0.0
287.88;-0.0;0.0;0.0;0.0;-0.0;0.0
287.985;-0.0;0.0;0.0;0.0;-0.0;0.0
288.099;-0.0;0.0;0.0;0.0;-0.0;0.0
288.21;-0.0;0.0;0.0;0.0;-0.0;0.0
288.32;-0.0;0.0;0.0;0.0;-0.0;0.0
288.42;-0.0;0.0;0.0;0.0;-0.0;0.0
288.525;-0.0;0.0;0.0;0.0;-0.0;0.0
288.625;-0.0;0.0;0.0;0.0;-0.0;0.0
288.726;-0.0;0.0;0.0;0.0;-0.0;0.0
288.827;-0.0;0.0;0.0;0.0;-0.0;0.0
288.927;-0.0;0.0;0.0;0.0;-0.0;0.0
289.028;-0.0;0.0;0.0;0.0;-0.0;0.0
289.128;-0.0;0.0;0.0;0.0;-0.0;0.0
289.231;-0.0;0.0;0.0;0.0;-0.0;0.0
289.339;-0.0;0.0;0.0;0.0;-0.0;0.0
289.44;-0.0;0.0;0.0;0.0;-0.0;0.0
289.545;-0.0;0.0;0.0;0.0;-0.0;0.0
289.657;-0.0;0.0;0.0;0.0;-0.0;0.0
289.77;-0.0;0.0;0.0;0.0;-0.0;0.0
289.872;-0.0;0.0;0.0;0.0;-0.0;0.0
289.973;-0.0;0.0;0.0;0.0;-0.0;0.0
290.084;-0.0;0.0;0.0;0.0;-0.0;0.0
290.199;-0.0;0.0;0.0;0.0;-0.0;0.0
290.312;-0.0;0.0;0.0;0.0;-0.0;0.0
290.412;-0.0;0.0;0.0;0.0;-0.0;0.0
290.516;-0.0;0.0;0.0;0.0;-0.0;0.0
290.629;-0.0;0.0;0.0;0.0;-0.0;0.0
290.739;-0.0;0.0;0.0;0.0;-0.0;0.0
290.851;-0.0;0.0;0.0;0.0;-0.0;0.0
290.965;-0.0;0.0;0.0;0.0;-0.0;0.0
291.071;-0.0;0.0;0.0;0.0;-0.0;0.0
291.184;-0.0;0.0;0.0;0.0;-0.0;0.0
291.296;-0.0;0.0;0.0;0.0;-0.0;0.0
291.407;-0.0;0.0;0.0;0.0;-0.0;0.0
291.52;-0.0;0.0;0.0;0.0;-0.0;0.0
291.632;-0.0;0.0;0.0;0.0;-0.0;0.0
291.74;-0.0;0.0;0.0;0.0;-0.0;0.0
291.841;-0.0;0.0;0.0;0.0;-0.0;0.0
291.946;-0.0;0.0;0.0;0.0;-0.0;0.0
292.055;-0.0;0.0;0.0;0.0;-0.0;0.0
292.17;-0.0;0.0;0.0;0.0;-0.0;0.0
292.272;-0.0;0.0;0.0;0.0;-0.0;0.0
292.394;-0.0;0.0;0.0;0.0;-0.0;0.0
292.501;-0.0;0.0;0.0;0.0;-0.0;0.0
292.609;-0.0;0.0;0.0;0.0;-0.0;0.0
292.72;-0.0;0.0;0.0;0.0;-0.0;0.0
292.829;-0.0;0.0;0.0;0.0;-0.0;0.0
292.939;-0.0;0.0;0.0;0.0;-0.0;0.0
293.051;-0.0;0.0;0.0;0.0;-0.0;0.0
293.161;-0.0;0.0;0.0;0.0;-0.0;0.0
293.268;-0.0;0.0;0.0;0.0;-0.0;0.0
293.379;-0.0;0.0;0.0;0.0;-0.0;0.0
293.49;-0.0;0.0;0.0;0.0;-0.0;0.0
293.601;-0.0;0.0;0.0;0.0;-0.0;0.0
293.71;-0.0;0.0;0.0;0.0;-0.0;0.0
293.818;-0.0;0.0;0.0;0.0;-0.0;0.0
293.924;-0.0;0.0;0.0;0.0;-0.0;0.0
294.035;-0.0;0.0;0.0;0.0;-0.0;0.0
294.141;-0.0;0.0;0.0;0.0;-0.0;0.0
294.252;-0.0;0.0;0.0;0.0;-0.0;0.0
294.364;-0.0;0.0;0.0;0.0;-0.0;0.0
294.475;-0.0;0.0;0.0;0.0;-0.0;0.0
294.589;-0.0;0.0;0.0;0.0;-0.0;0.0
294.697;-0.0;0.0;0.0;0.0;-0.0;0.0
294.809;-0.0;0.0;0.0;0.0;-0.0;0.0
294.913;-0.0;0.0;0.0;0.0;-0.0;0.0
295.014;-0.0;0.0;0.0;0.0;-0.0;0.0
295.128;-0.0;0.0;0.0;0.0;-0.0;0.0
295.229;-0.0;0.0;0.0;0.0;-0.0;0.0
295.329;-0.0;0.0;0.0;0.0;-0.0;0.0
295.432;-0.0;0.0;0.0;0.0;-0.0;0.0
295.532;-0.0;0.0;0.0;0.0;-0.0;0.0
295.633;-0.0;0.0;0.0;0.0;-0.0;0.0
295.733;-0.0;0.0;0.0;0.0;-0.0;0.0
295.834;-0.0;0.0;0.0;0.0;-0.0;0.0
295.934;-0.0;0.0;0.0;0.0;-0.0;0.0
296.037;-0.0;0.0;0.0;0.0;-0.0;0.0
296.138;-0.0;0.0;0.0;0.0;-0.0;0.0
296.239;-0.0;0.0;0.0;0.0;-0.0;0.0
296.346;-0.0;0.0;0.0;0.0;-0.0;0.0
296.455;-0.0;0.0;0.0;0.0;-0.0;0.0
296.559;-0.0;0.0;0.0;0.0;-0.0;0.0
296.66;-0.0;0.0;0.0;0.0;-0.0;0.0
296.767;-0.0;0.0;0.0;0.0;-0.0;0.0
296.879;-0.0;0.0;0.0;0.0;-0.0;0.0
296.992;-0.0;0.0;0.0;0.0;-0.0;0.0
297.1;-0.0;0.0;0.0;0.0;-0.0;0.0
297.212;-0.0;0.0;0.0;0.0;-0.0;0.0
297.319;-0.0;0.0;0.0;0.0;-0.0;0.0
297.42;-0.0;0.0;0.0;0.0;-0.0;0.0
297.531;-0.0;0.0;0.0;0.0;-0.0;0.0
297.64;-0.0;0.0;0.0;0.0;-0.0;0.0
297.751;-0.0;0.0;0.0;0.0;-0.0;0.0
297.86;-0.0;0.0;0.0;0.0;-0.0;0.0
297.972;-0.0;0.0;0.0;0.0;-0.0;0.0
298.083;-0.0;0.0;0.0;0.0;-0.0;0.0
298.195;-0.0;0.0;0.0;0.0;-0.0;0.0
298.307;-0.0;0.0;0.0;0.0;-0.0;0.0
298.409;-0.0;0.0;0.0;0.0;-0.0;0.0
298.516;-0.0;0.0;0.0;0.0;-0.0;0.0
298.63;-0.0;0.0;0.0;0.0;-0.0;0.0
298.734;-0.0;0.0;0.0;0.0;-0.0;0.0
298.847;-0.0;0.0;0.0;0.0;-0.0;0.0
298.955;-0.0;0.0;0.0;0.0;-0.0;0.0
299.065;-0.0;0.0;0.0;0.0;-0.0;0.0
299.175;-0.0;0.0;0.0;0.0;-0.0;0.0
299.291;-0.0;0.0;0.0;0.0;-0.0;0.0
299.395;-0.0;0.0;0.0;0.0;-0.0;0.0
299.51;-0.0;0.0;0.0;0.0;-0.0;0.0
299.62;-0.0;0.0;0.0;0.0;-0.0;0.0
299.729;-0.0;0.0;0.0;0.0;-0.0;0.0
299.84;-0.0;0.0;0.0;0.0;-0.0;0.0
299.94;-0.0;0.0;0.0;0.0;-0.0;0.0
300.06;-0.0;0.0;0.0;0.0;-0.0;0.0
300.162;-0.0;0.0;0.0;0.0;-0.0;0.0
300.266;-0.0;0.0;0.0;0.0;-0.0;0.0
300.367;-0.0;0.0;0.0;0.0;-0.0;0.0
300.467;-0.0;0.0;0.0;0.0;-0.0;0.0
300.568;-0.0;0.0;0.0;0.0;-0.0;0.0
300.669;-0.0;0.0;0.0;0.0;-0.0;0.0
300.769;-0.0;0.0;0.0;0.0;-0.0;0.0
300.87;-0.0;0.0;0.0;0.0;-0.0;0.0
300.973;-0.0;0.0;0.0;0.0;-0.0;0.0
301.076;-0.0;0.0;0.0;0.0;-0.0;0.0
301.178;-0.0;0.0;0.0;0.0;-0.0;0.0
301.29;-0.0;0.0;0.0;0.0;-0.0;0.0
301.392;-0.0;0.0;0.0;0.0;-0.0;0.0
301.493;-0.0;0.0;0.0;0.0;-0.0;0.0
301.607;-0.0;0.0;0.0;0.0;-0.0;0.0
301.708;-0.0;0.0;0.0;0.0;-0.0;0.0
301.811;-0.0;0.0;0.0;0.0;-0.0;0.0
301.925;-0.0;0.0;0.0;0.0;-0.0;0.0
302.038;-0.0;0.0;0.0;0.0;-0.0;0.0
302.142;-0.0;0.0;0.0;0.0;-0.0;0.0
302.257;-0.0;0.0;0.0;0.0;-0.0;0.0
302.367;-0.0;0.0;0.0;0.0;-0.0;0.0
302.468;-0.0;0.0;0.0;0.0;-0.0;0.0
302.575;-0.0;0.0;0.0;0.0;-0.0;0.0
302.69;-0.0;0.0;0.0;0.0;-0.0;0.0
302.797;-0.0;0.0;0.0;0.0;-0.0;0.0
302.911;-0.0;0.0;0.0;0.0;-0.0;0.0
303.011;-0.0;0.0;0.0;0.0;-0.0;0.0
303.117;-0.0;0.0;0.0;0.0;-0.0;0.0
303.233;-0.0;0.0;0.0;0.0;-0.0;0.0
303.347;-0.0;0.0;0.0;0.0;-0.0;0.0
303.458;-0.0;0.0;0.0;0.0;-0.0;0.0
303.564;-0.0;0.0;0.0;0.0;-0.0;0.0
303.664;-0.0;0.0;0.0;0.0;-0.0;0.0
303.791;-0.0;0.0;0.0;0.0;-0.0;0.0
303.897;-0.0;0.0;0.0;0.0;-0.0;0.0
304.006;-0.0;0.0;0.0;0.0;-0.0;0.0
304.107;-0.0;0.0;0.0;0.0;-0.0;0.0
304.221;-0.0;0.0;0.0;0.0;-0.0;0.0
304.323;-0.0;0.0;0.0;0.0;-0.0;0.0
304.425;-0.0;0.0;0.0;0.0;-0.0;0.0
304.537;-0.0;0.0;0.0;0.0;-0.0;0.0
304.647;-0.0;0.0;0.0;0.0;-0.0;0.0
304.754;-0.0;0.0;0.0;0.0;-0.0;0.0
304.862;-0.0;0.0;0.0;0.0;-0.0;0.0
304.963;-0.0;0.0;0.0;0.0;-0.0;0.0
305.063;-0.0;0.0;0.0;0.0;-0.0;0.0
305.164;-0.0;0.0;0.0;0.0;-0.0;0.0
305.264;-0.0;0.0;0.0;0.0;-0.0;0.0
305.368;-0.0;0.0;0.0;0.0;-0.0;0.0
305.471;-0.0;0.0;0.0;0.0;-0.0;0.0
305.572;-0.0;0.0;0.0;0.0;-0.0;0.0
305.679;-0.0;0.0;0.0;0.0;-0.0;0.0
305.78;-0.0;0.0;0.0;0.0;-0.0;0.0
305.882;-0.0;0.0;0.0;0.0;-0.0;0.0
305.987;-0.0;0.0;0.0;0.0;-0.0;0.0
306.087;-0.0;0.0;0.0;0.0;-0.0;0.0
306.193;-0.0;0.0;0.0;0.0;-0.0;0.0
306.31;-0.0;0.0;0.0;0.0;-0.0;0.0
306.418;-0.0;0.0;0.0;0.0;-0.0;0.0
306.531;-0.0;0.0;0.0;0.0;-0.0;0.0
306.641;-0.0;0.0;0.0;0.0;-0.0;0.0
306.755;-0.0;0.0;0.0;0.0;-0.0;0.0
306.867;-0.0;0.0;0.0;0.0;-0.0;0.0
306.976;-0.0;0.0;0.0;0.0;-0.0;0.0
307.094;-0.0;0.0;0.0;0.0;-0.0;0.0
307.197;-0.0;0.0;0.0;0.0;-0.0;0.0
307.307;-0.0;0.0;0.0;0.0;-0.0;0.0
307.417;-0.0;0.0;0.0;0.0;-0.0;0.0
307.529;-0.0;0.0;0.0;0.0;-0.0;0.0
307.636;-0.0;0.0;0.0;0.0;-0.0;0.0
307.737;-0.0;0.0;0.0;0.0;-0.0;0.0
307.843;-0.0;0.0;0.0;0.0;-0.0;0.0
307.95;-0.0;0.0;0.0;0.0;-0.0;0.0
308.051;-0.0;0.0;0.0;0.0;-0.0;0.0
308.171;-0.0;0.0;0.0;0.0;-0.0;0.0
308.283;-0.0;0.0;0.0;0.0;-0.0;0.0
308.395;-0.0;0.0;0.0;0.0;-0.0;0.0
308.504;-0.0;0.0;0.0;0.0;-0.0;0.0
308.61;-0.0;0.0;0.0;0.0;-0.0;0.0
308.723;-0.0;0.0;0.0;0.0;-0.0;0.0
308.831;-0.0;0.0;0.0;0.0;-0.0;0.0
308.946;-0.0;0.0;0.0;0.0;-0.0;0.0
309.06;-0.0;0.0;0.0;0.0;-0.0;0.0
309.165;-0.0;0.0;0.0;0.0;-0.0;0.0
309.275;-0.0;0.0;0.0;0.0;-0.0;0.0
309.385;-0.0;0.0;0.0;0.0;-0.0;0.0
309.495;-0.0;0.0;0.0;0.0;-0.0;0.0
309.596;-0.0;0.0;0.0;0.0;-0.0;0.0
309.699;-0.0;0.0;0.0;0.0;-0.0;0.0
309.811;-0.0;0.0;0.0;0.0;-0.0;0.0
309.92;-0.0;0.0;0.0;0.0;-0.0;0.0
310.034;-0.0;0.0;0.0;0.0;-0.0;0.0
310.141;-0.0;0.0;0.0;0.0;-0.0;0.0
310.253;-0.0;0.0;0.0;0.0;-0.0;0.0
310.361;-0.0;0.0;0.0;0.0;-0.0;0.0
310.476;-0.0;0.0;0.0;0.0;-0.0;0.0
310.582;-0.0;0.0;0.0;0.0;-0.0;0.0
310.695;-0.0;0.0;0.0;0.0;-0.0;0.0
310.808;-0.0;0.0;0.0;0.0;-0.0;0.0
310.918;-0.0;0.0;0.0;0.0;-0.0;0.0
311.033;-0.0;0.0;0.0;0.0;-0.0;0.0
311.144;-0.0;0.0;0.0;0.0;-0.0;0.0
311.253;-0.0;0.0;0.0;0.0;-0.0;0.0
311.362;-0.0;0.0;0.0;0.0;-0.0;0.0
311.477;-0.0;0.0;0.0;0.0;-0.0;0.0
311.584;-0.0;0.0;0.0;0.0;-0.0;0.0
311.687;-0.0;0.0;0.0;0.0;-0.0;0.0
311.793;-0.0;0.0;0.0;0.0;-0.0;0.0
311.895;-0.0;0.0;0.0;0.0;-0.0;0.0
311.999;-0.0;0.0;0.0;0.0;-0.0;0.0
312.1;-0.0;0.0;0.0;0.0;-0.0;0.0
312.2;-0.0;0.0;0.0;0.0;-0.0;0.0
312.301;-0.0;0.0;0.0;0.0;-0.0;0.0
312.401;-0.0;0.0;0.0;0.0;-0.0;0.0
312.502;-0.0;0.0;0.0;0.0;-0.0;0.0
312.604;-0.0;0.0;0.0;0.0;-0.0;0.0
312.705;-0.0;0.0;0.0;0.0;-0.0;0.0
312.816;-0.0;0.0;0.0;0.0;-0.0;0.0
312.921;-0.0;0.0;0.0;0.0;-0.0;0.0
313.021;-0.0;0.0;0.0;0.0;-0.0;0.0
313.131;-0.0;0.0;0.0;0.0;-0.0;0.0
313.237;-0.0;0.0;0.0;0.0;-0.0;0.0
313.349;-0.0;0.0;0.0;0.0;-0.0;0.0
313.461;-0.0;0.0;0.0;0.0;-0.0;0.0
313.572;-0.0;0.0;0.0;0.0;-0.0;0.0
313.683;-0.0;0.0;0.0;0.0;-0.0;0.0
313.783;-0.0;0.0;0.0;0.0;-0.0;0.0
313.891;-0.0;0.0;0.0;0.0;-0.0;0.0
314.001;-0.0;0.0;0.0;0.0;-0.0;0.0
314.113;-0.0;0.0;0.0;0.0;-0.0;0.0
314.227;-0.0;0.0;0.0;0.0;-0.0;0.0
314.338;-0.0;0.0;0.0;0.0;-0.0;0.0
314.446;-0.0;0.0;0.0;0.0;-0.0;0.0
314.561;-0.0;0.0;0.0;0.0;-0.0;0.0
314.668;-0.0;0.0;0.0;0.0;-0.0;0.0
314.769;-0.0;0.0;0.0;0.0;-0.0;0.0
314.876;-0.0;0.0;0.0;0.0;-0.0;0.0
314.977;-0.0;0.0;0.0;0.0;-0.0;0.0
315.087;-0.0;0.0;0.0;0.0;-0.0;0.0
315.188;-0.0;0.0;0.0;0.0;-0.0;0.0
315.288;-0.0;0.0;0.0;0.0;-0.0;0.0
315.389;-0.0;0.0;0.0;0.0;-0.0;0.0
315.489;-0.0;0.0;0.0;0.0;-0.0;0.0
315.59;-0.0;0.0;0.0;0.0;-0.0;0.0
315.691;-0.0;0.0;0.0;0.0;-0.0;0.0
315.796;-0.0;0.0;0.0;0.0;-0.0;0.0
315.897;-0.0;0.0;0.0;0.0;-0.0;0.0
316.006;-0.0;0.0;0.0;0.0;-0.0;0.0
316.112;-0.0;0.0;0.0;0.0;-0.0;0.0
316.227;-0.0;0.0;0.0;0.0;-0.0;0.0
316.339;-0.0;0.0;0.0;0.0;-0.0;0.0
316.444;-0.0;0.0;0.0;0.0;-0.0;0.0
316.56;-0.0;0.0;0.0;0.0;-0.0;0.0
316.666;-0.0;0.0;0.0;0.0;-0.0;0.0
316.782;-0.0;0.0;0.0;0.0;-0.0;0.0
316.896;-0.0;0.0;0.0;0.0;-0.0;0.0
317.002;-0.0;0.0;0.0;0.0;-0.0;0.0
317.115;-0.0;0.0;0.0;0.0;-0.0;0.0
317.225;-0.0;0.0;0.0;0.0;-0.0;0.0
317.325;-0.0;0.0;0.0;0.0;-0.0;0.0
317.439;-0.0;0.0;0.0;0.0;-0.0;0.0
317.543;-0.0;0.0;0.0;0.0;-0.0;0.0
317.656;-0.0;0.0;0.0;0.0;-0.0;0.0
317.765;-0.0;0.0;0.0;0.0;-0.0;0.0
317.866;-0.0;0.0;0.0;0.0;-0.0;0.0
317.972;-0.0;0.0;0.0;0.0;-0.0;0.0
318.103;-0.0;0.0;0.0;0.0;-0.0;0.0
318.21;-0.0;0.0;0.0;0.0;-0.0;0.0
318.311;-0.0;0.0;0.0;0.0;-0.0;0.0
318.416;-0.0;0.0;0.0;0.0;-0.0;0.0
318.529;-0.0;0.0;0.0;0.0;-0.0;0.0
318.638;-0.0;0.0;0.0;0.0;-0.0;0.0
318.753;-0.0;0.0;0.0;0.0;-0.0;0.0
318.86;-0.0;0.0;0.0;0.0;-0.0;0.0
318.974;-0.0;0.0;0.0;0.0;-0.0;0.0
319.082;-0.0;0.0;0.0;0.0;-0.0;0.0
319.201;-0.0;0.0;0.0;0.0;-0.0;0.0
319.309;-0.0;0.0;0.0;0.0;-0.0;0.0
319.409;-0.0;0.0;0.0;0.0;-0.0;0.0
319.518;-0.0;0.0;0.0;0.0;-0.0;0.0
319.624;-0.0;0.0;0.0;0.0;-0.0;0.0
319.724;-0.0;0.0;0.0;0.0;-0.0;0.0
319.824;-0.0;0.0;0.0;0.0;-0.0;0.0
319.925;-0.0;0.0;0.0;0.0;-0.0;0.0
320.025;-0.0;0.0;0.0;0.0;-0.0;0.0
320.126;-0.0;0.0;0.0;0.0;-0.0;0.0
320.228;-0.0;0.0;0.0;0.0;-0.0;0.0
320.329;-0.0;0.0;0.0;0.0;-0.0;0.0
320.436;-0.0;0.0;0.0;0.0;-0.0;0.0
320.547;-0.0;0.0;0.0;0.0;-0.0;0.0
320.648;-0.0;0.0;0.0;0.0;-0.0;0.0
320.755;-0.0;0.0;0.0;0.0;-0.0;0.0
320.861;-0.0;0.0;0.0;0.0;-0.0;0.0
320.962;-0.0;0.0;0.0;0.0;-0.0;0.0
321.068;-0.0;0.0;0.0;0.0;-0.0;0.0
321.168;-0.0;0.0;0.0;0.0;-0.0;0.0
321.274;-0.0;0.0;0.0;0.0;-0.0;0.0
321.374;-0.0;0.0;0.0;0.0;-0.0;0.0
321.475;-0.0;0.0;0.0;0.0;-0.0;0.0
321.575;-0.0;0.0;0.0;0.0;-0.0;0.0
321.676;-0.0;0.0;0.0;0.0;-0.0;0.0
321.777;-0.0;0.0;0.0;0.0;-0.0;0.0
321.878;-0.0;0.0;0.0;0.0;-0.0;0.0
321.992;-0.0;0.0;0.0;0.0;-0.0;0.0
322.103;-0.0;0.0;0.0;0.0;-0.0;0.0
322.214;-0.0;0.0;0.0;0.0;-0.0;0.0
322.321;-0.0;0.0;0.0;0.0;-0.0;0.0
322.434;-0.0;0.0;0.0;0.0;-0.0;0.0
322.535;-0.0;0.0;0.0;0.0;-0.0;0.0
322.635;-0.0;0.0;0.0;0.0;-0.0;0.0
322.745;-0.0;0.0;0.0;0.0;-0.0;0.0
322.852;-0.0;0.0;0.0;0.0;-0.0;0.0
322.968;-0.0;0.0;0.0;0.0;-0.0;0.0
323.075;-0.0;0.0;0.0;0.0;-0.0;0.0
323.177;-0.0;0.0;0.0;0.0;-0.0;0.0
323.288;-0.0;0.0;0.0;0.0;-0.0;0.0
323.389;-0.0;0.0;0.0;0.0;-0.0;0.0
323.492;-0.0;0.0;0.0;0.0;-0.0;0.0
323.605;-0.0;0.0;0.0;0.0;-0.0;0.0
323.71;-0.0;0.0;0.0;0.0;-0.0;0.0
323.828;-0.0;0.0;0.0;0.0;-0.0;0.0
323.929;-0.0;0.0;0.0;0.0;-0.0;0.0
324.038;-0.0;0.0;0.0;0.0;-0.0;0.0
324.152;-0.0;0.0;0.0;0.0;-0.0;0.0
324.257;-0.0;0.0;0.0;0.0;-0.0;0.0
324.366;-0.0;0.0;0.0;0.0;-0.0;0.0
324.478;-0.0;0.0;0.0;0.0;-0.0;0.0
324.591;-0.0;0.0;0.0;0.0;-0.0;0.0
324.698;-0.0;0.0;0.0;0.0;-0.0;0.0
324.805;-0.0;0.0;0.0;0.0;-0.0;0.0
324.913;-0.0;0.0;0.0;0.0;-0.0;0.0
325.014;-0.0;0.0;0.0;0.0;-0.0;0.0
325.139;-0.0;0.0;0.0;0.0;-0.0;0.0
325.246;-0.0;0.0;0.0;0.0;-0.0;0.0
325.348;-0.0;0.0;0.0;0.0;-0.0;0.0
325.45;-0.0;0.0;0.0;0.0;-0.0;0.0
325.56;-0.0;0.0;0.0;0.0;-0.0;0.0
325.668;-0.0;0.0;0.0;0.0;-0.0;0.0
325.769;-0.0;0.0;0.0;0.0;-0.0;0.0
325.88;-0.0;0.0;0.0;0.0;-0.0;0.0
325.998;-0.0;0.0;0.0;0.0;-0.0;0.0
326.115;-0.0;0.0;0.0;0.0;-0.0;0.0
326.224;-0.0;0.0;0.0;0.0;-0.0;0.0
326.332;-0.0;0.0;0.0;0.0;-0.0;0.0
326.444;-0.0;0.0;0.0;0.0;-0.0;0.0
326.561;-0.0;0.0;0.0;0.0;-0.0;0.0
326.663;-0.0;0.0;0.0;0.0;-0.0;0.0
326.764;-0.0;0.0;0.0;0.0;-0.0;0.0
326.878;-0.0;0.0;0.0;0.0;-0.0;0.0
326.985;-0.0;0.0;0.0;0.0;-0.0;0.0
327.103;-0.0;0.0;0.0;0.0;-0.0;0.0
327.21;-0.0;0.0;0.0;0.0;-0.0;0.0
327.311;-0.0;0.0;0.0;0.0;-0.0;0.0
327.416;-0.0;0.0;0.0;0.0;-0.0;0.0
327.53;-0.0;0.0;0.0;0.0;-0.0;0.0
327.64;-0.0;0.0;0.0;0.0;-0.0;0.0
327.742;-0.0;0.0;0.0;0.0;-0.0;0.0
327.844;-0.0;0.0;0.0;0.0;-0.0;0.0
327.944;-0.0;0.0;0.0;0.0;-0.0;0.0
328.044;-0.0;0.0;0.0;0.0;-0.0;0.0
328.145;-0.0;0.0;0.0;0.0;-0.0;0.0
328.245;-0.0;0.0;0.0;0.0;-0.0;0.0
328.346;-0.0;0.0;0.0;0.0;-0.0;0.0
328.446;-0.0;0.0;0.0;0.0;-0.0;0.0
328.548;-0.0;0.0;0.0;0.0;-0.0;0.0
328.651;-0.0;0.0;0.0;0.0;-0.0;0.0
328.771;-0.0;0.0;0.0;0.0;-0.0;0.0
328.876;-0.0;0.0;0.0;0.0;-0.0;0.0
328.977;-0.0;0.0;0.0;0.0;-0.0;0.0
329.085;-0.0;0.0;0.0;0.0;-0.0;0.0
329.187;-0.0;0.0;0.0;0.0;-0.0;0.0
329.289;-0.0;0.0;0.0;0.0;-0.0;0.0
329.403;-0.0;0.0;0.0;0.0;-0.0;0.0
329.512;-0.0;0.0;0.0;0.0;-0.0;0.0
329.621;-0.0;0.0;0.0;0.0;-0.0;0.0
329.744;-0.0;0.0;0.0;0.0;-0.0;0.0
329.845;-0.0;0.0;0.0;0.0;-0.0;0.0
329.954;-0.0;0.0;0.0;0.0;-0.0;0.0
330.055;-0.0;0.0;0.0;0.0;-0.0;0.0
330.159;-0.0;0.0;0.0;0.0;-0.0;0.0
330.259;-0.0;0.0;0.0;0.0;-0.0;0.0
330.36;-0.0;0.0;0.0;0.0;-0.0;0.0
330.461;-0.0;0.0;0.0;0.0;-0.0;0.0
330.561;-0.0;0.0;0.0;0.0;-0.0;0.0
330.662;-0.0;0.15625;0.0;0.0;-0.0;0.0
330.763;-0.0;0.67125;0.0;0.0;-0.0;0.0
330.863;-0.0;1.17625;0.0;0.0;-0.0;0.0
330.966;-0.0;1.6875;0.0;0.0;-0.0;0.0
331.069;-0.0;2.1975;0.0;0.0;-0.0;0.0
331.17;-0.0;2.70875;0.0;0.0;-0.0;0.0
331.27;-0.0;3.2175;0.0;0.0;-0.0;0.0
331.384;-0.0;3.7225;0.0;0.0;-0.0;0.0
331.486;-0.0;4.23125;0.0;0.0;-0.0;0.0
331.589;-0.0;4.74375;0.0;0.0;-0.0;0.0
331.701;-0.0;5.0;0.0;0.0;-0.0;0.0
331.802;-0.0;5.0;0.0;0.0;-0.0;0.0
331.922;-0.0;5.0;0.0;0.0;-0.0;0.0
332.036;-0.0;5.0;0.0;0.0;-0.0;0.0
332.143;-0.0;5.0;0.0;0.0;-0.0;0.0
332.255;-0.0;5.0;0.0;0.0;-0.0;0.0
332.368;-0.0;5.0;0.0;0.0;-0.0;0.0
332.478;-0.0;5.0;0.0;0.0;-0.0;0.0
332.591;-0.0;5.0;0.0;0.0;-0.0;0.0
332.702;-0.0;5.0;0.0;0.0;-0.0;0.0
332.819;-0.0;5.0;0.0;0.0;-0.0;0.0
332.923;-0.0;5.0;0.0;0.0;-0.0;0.0
333.039;-0.0;5.0;0.0;0.0;-0.0;0.0
333.15;-0.0;5.0;0.0;0.0;-0.0;0.0
333.256;-0.0;5.0;0.0;0.0;-0.0;0.0
333.356;-0.0;5.0;0.0;0.0;-0.0;0.0
333.467;-0.0;5.0;0.0;0.0;-0.0;0.0
333.572;-0.0;5.0;0.0;0.0;-0.0;0.0
333.688;-0.0;5.0;0.0;0.0;-0.0;0.0
333.797;-0.0;5.0;0.0;0.0;-0.0;0.0
333.912;-0.0;5.0;0.0;0.0;-0.0;0.0
334.02;-0.0;4.96875;0.0;0.0;-0.0;0.0
334.121;-0.0;4.25625;0.0;0.0;-0.0;0.0
334.226;-0.0;3.7475;0.0;0.0;-0.0;0.0
334.334;-0.0;3.24375;0.0;0.0;-0.0;0.0
334.45;-0.0;2.735;0.0;0.0;-0.0;0.0
334.557;-0.0;2.22625;0.0;0.0;-0.0;0.0
334.672;-0.0;1.72375;0.0;0.0;-0.0;0.0
334.785;-0.0;0.9625;0.0;0.0;-0.0;0.0
334.889;-0.0;0.46;0.0;0.0;-0.0;0.0
335.008;-0.0;0.02;0.0;0.0;-0.0;0.0
335.118;-0.0;0.0;0.0;0.0;-0.0;0.0
335.225;-0.0;0.0;0.0;0.0;-0.0;0.0
335.326;-0.0;0.0;0.0;0.0;-0.0;0.0
335.435;-0.0;0.0;0.0;0.0;-0.0;0.0
335.544;-0.0;0.0;0.0;0.0;-0.0;0.0
335.662;-0.0;0.0;0.0;0.0;-0.0;0.0
335.77;-0.0;0.0;0.0;0.0;-0.0;0.0
335.885;-0.0;0.0;0.0;0.0;-0.0;0.0
335.99;-0.0;0.0;0.0;0.0;-0.0;0.0
336.108;-0.0;0.0;0.0;0.0;-0.0;0.0
336.216;-0.0;0.0;0.0;0.0;-0.0;0.0
336.328;-0.0;0.0;0.0;0.0;-0.0;0.0
336.442;-0.0;0.0;0.0;0.0;-0.0;0.0
336.55;-0.0;0.0;0.0;0.0;-0.0;0.0
336.664;-0.0;0.0;0.0;0.0;-0.0;0.0
336.777;-0.0;0.0;0.0;0.0;-0.0;0.0
336.883;-0.0;0.0;0.0;0.0;-0.0;0.0
336.985;-0.0;0.0;0.0;0.0;-0.0;0.0
337.092;-0.0;0.0;0.0;0.0;-0.0;0.0
337.2;-0.0;0.0;0.0;0.0;-0.0;0.0
337.302;0.0;-0.12;-0.0;0.0;-0.0;0.0
337.402;0.0;-0.62875;-0.0;0.0;-0.0;0.0
337.503;0.0;-1.13125;-0.0;0.0;-0.0;0.0
337.606;0.0;-1.64;-0.0;0.0;-0.0;0.0
337.711;0.0;-2.14875;-0.0;0.0;-0.0;0.0
337.815;0.0;-2.91125;-0.0;0.0;-0.0;0.0
337.916;0.0;-3.42625;-0.0;0.0;-0.0;0.0
338.02;0.0;-3.6825;-0.0;0.0;-0.0;0.0
338.127;0.0;-4.1925;-0.0;0.0;-0.0;0.0
338.238;0.0;-4.965;-0.0;0.0;-0.0;0.0
338.343;0.0;-5.4725;-0.0;0.0;-0.0;0.0
338.459;0.0;-5.985;-0.0;0.0;-0.0;0.0
338.563;0.0;-6.4975;-0.0;0.0;-0.0;0.0
338.677;0.0;-7.005;-0.0;0.0;-0.0;0.0
338.778;0.0;-7.51875;-0.0;0.0;-0.0;0.0
338.878;0.0;-8.2875;-0.0;0.0;-0.0;0.0
338.98;0.0;-8.53875;-0.0;0.0;-0.0;0.0
339.081;0.0;-9.31;-0.0;0.0;-0.0;0.0
339.188;0.0;-9.8225;-0.0;0.0;-0.0;0.0
339.296;0.0;-10.075;-0.0;0.0;-0.0;0.0
339.404;0.0;-10.84125;-0.0;0.0;-0.0;0.0
339.512;0.0;-11.3525;-0.0;0.0;-0.0;0.0
339.626;0.0;-11.865;-0.0;0.0;-0.0;0.0
339.732;0.0;-12.37625;-0.0;0.0;-0.0;0.0
339.848;0.0;-13.13875;-0.0;0.0;-0.0;0.0
339.954;0.0;-13.65;-0.0;0.0;-0.0;0.0
340.056;0.0;-14.16125;-0.0;0.0;-0.0;0.0
340.174;0.0;-14.6675;-0.0;0.0;-0.0;0.0
340.289;0.0;-15.18;-0.0;0.0;-0.0;0.0
340.395;0.0;-15.9425;-0.0;0.0;-0.0;0.0
340.51;0.0;-16.45375;-0.0;0.0;-0.0;0.0
340.616;0.0;-16.96625;-0.0;0.0;-0.0;0.0
340.717;0.0;-17.4725;-0.0;0.0;-0.0;0.0
340.827;0.0;-17.985;-0.0;0.0;-0.0;0.0
340.938;0.0;-18.49625;-0.0;0.0;-0.0;0.0
341.05;0.0;-19.00875;-0.0;0.0;-0.0;0.0
341.164;0.0;-19.7775;-0.0;0.0;-0.0;0.0
341.267;0.0;-20.28375;-0.0;0.0;-0.0;0.0
341.377;0.0;-20.7975;-0.0;0.0;-0.0;0.0
341.48;0.0;-21.315;-0.0;0.0;-0.0;0.0
341.585;0.0;-21.82625;-0.0;0.0;-0.0;0.0
341.698;0.0;-22.3425;-0.0;0.0;-0.0;0.0
341.807;0.0;-23.1175;-0.0;0.0;-0.0;0.0
341.919;0.0;-23.63;-0.0;0.0;-0.0;0.0
342.035;0.0;-24.14625;-0.0;0.0;-0.0;0.0
342.141;0.0;-24.66375;-0.0;0.0;-0.0;0.0
342.242;0.0;-25.175;-0.0;0.0;-0.0;0.0
342.362;0.0;-25.95125;-0.0;0.0;-0.0;0.0
342.464;0.0;-26.46375;-0.0;0.0;-0.0;0.0
342.57;0.0;-26.98;-0.0;0.0;-0.0;0.0
342.679;0.0;-27.4975;-0.0;0.0;-0.0;0.0
342.779;0.0;-28.0;-0.0;0.0;-0.0;0.0
342.88;0.0;-28.7625;-0.0;0.0;-0.0;0.0
342.98;0.0;-29.26375;-0.0;0.0;-0.0;0.0
343.081;0.0;-29.775;-0.0;0.0;-0.0;0.0
343.186;0.0;-29.97125;-0.0;0.0;-0.0;0.0
343.288;0.0;-30.309697360898976;-0.03437959584428637;0.06526739970108655;-0.0;0.0
343.394;0.0;-31.027450944533502;-0.1157683783153376;0.21676893043189754;-0.0;0.0
343.501;0.0;-31.73886398582927;-0.19880940931069435;0.3672628783254211;-0.0;0.0
343.61;0.0;-32.44395906556284;-0.28345773210704345;0.5167484093567507;-0.0;0.0
343.723;0.0;-33.153128601506815;-0.3709654230136536;0.6674304517337041;-0.0;0.0
343.823;0.0;-33.86807121106202;-0.4616077624267835;0.8196802007205842;-0.0;0.0
343.927;0.0;-34.58358310090827;-0.5547738122613982;0.9723974390691965;-0.0;0.0
344.033;0.0;-35.29793367154158;-0.6502519662184004;1.125215816425928;-0.0;0.0
344.142;0.0;-36.0111206001722;-0.7480468488073384;1.2781366233076554;-0.0;0.0
344.269;0.0;-37.072718818353465;-0.8982294271192031;1.5064212799155243;-0.0;0.0
344.369;0.0;-37.781286034785964;-1.0015647217137529;1.6592337171254956;-0.0;0.0
344.472;0.0;-38.48185768524111;-1.1061901923500406;1.8106746382677976;-0.0;0.0
344.576;0.0;-39.18810102637751;-1.214152157710283;1.9637002919942859;-0.0;0.0
344.683;0.0;-39.89317308703592;-1.3244460593646645;2.116835044436491;-0.0;0.0
344.794;0.0;-40.5902760203485;-1.4359774996219692;2.2685990631999795;-0.0;0.0
344.895;0.0;-41.64393400679404;-1.6092827298680834;2.4986751830791216;-0.0;0.0
344.999;0.0;-41.99625680302782;-1.6685113217171446;2.575794721359214;-0.0;0.0
345.106;0.0;-42.68986555696284;-1.7869994250980925;2.7278939615985776;-0.0;0.0
345.227;0.0;-43.739902445960105;-1.9711711104112433;2.9588569319638727;-0.0;0.0
345.331;0.0;-44.43563227819385;-2.096407618673658;3.112360065401716;-0.0;0.0
345.444;0.0;-45.128496589723326;-2.2236920681900507;3.2656097630279612;-0.0;0.0
345.55;0.0;-45.82185603910281;-2.3536478404653405;3.419351335233252;-0.0;0.0
345.663;0.0;-46.5073265856261;-2.4846814300791333;3.5717235668514724;-0.0;0.0
345.77;0.0;-47.54419302257817;-2.687760336427918;3.8029336406747727;-0.0;0.0
345.884;0.0;-48.23338229722743;-2.8260186305918347;3.957105352538667;-0.0;0.0
345.99;0.0;-48.913048720945866;-2.964950709659657;4.109534662368619;-0.0;0.0
346.103;0.0;-49.59984784356777;-3.1079676268567544;4.263959001249789;-0.0;0.0
346.215;0.0;-50.62198287320284;-3.3257472912440296;4.494527397036094;-0.0;0.0
346.317;0.0;-51.305769470456724;-3.4747619326196193;4.64927642551724;-0.0;0.0
346.423;0.0;-51.64803388554034;-3.550358940320739;4.72688818248;-0.0;0.0
346.534;0.0;-52.663102796536116;-3.7785496382917785;4.95767255461674;-0.0;0.0
346.642;0.0;-53.34324825514024;-3.934813528270751;5.112823314951416;-0.0;0.0
346.758;0.0;-54.02381207273126;-4.093901602275311;5.268487563210576;-0.0;0.0
346.868;0.0;-54.69494552698547;-4.253479324948925;5.422408790994446;-0.0;0.0
346.981;0.0;-55.71000919271574;-4.499966001237908;5.655999753376842;-0.0;0.0
347.087;0.0;-56.37810008106145;-4.665601256673804;5.810270087959427;-0.0;0.0
347.201;0.0;-57.053120816230766;-4.835725214331523;5.966570370902886;-0.0;0.0
347.317;0.0;-58.064934296385644;-5.095996993549353;6.201674116279057;-0.0;0.0
347.424;0.0;-58.7352026736373;-5.271925451425048;6.357965225682714;-0.0;0.0
347.534;0.0;-59.41069314898843;-5.4520855109429895;6.515921931219727;-0.0;0.0
347.636;0.0;-60.08490418934639;-5.634792834717908;6.674032891895901;-0.0;0.0
347.736;0.0;-60.751383188492966;-5.818265675430489;6.830780874731236;-0.0;0.0
347.85;0.0;-61.42303636352551;-6.006065527510842;6.989203820221065;-0.0;0.0
347.954;0.0;-62.09500471392815;-6.196894994873825;7.14816651075581;-0.0;0.0
348.066;0.0;-62.75765743500681;-6.387985683630141;7.3053865726017335;-0.0;0.0
348.177;0.0;-63.75963556062615;-6.682467383907286;7.5439958290668985;-0.0;0.0
348.288;0.0;-64.42705168632446;-6.882360007539338;7.703529780358728;-0.0;0.0
348.4;0.0;-65.09156070110741;-7.084383375583628;7.862849280794957;-0.0;0.0
348.514;0.0;-65.7563455326393;-7.28951471913158;8.02272022449818;-0.0;0.0
348.627;0.0;-66.41187853001998;-7.494780272412058;8.180847140283715;-0.0;0.0
348.734;0.0;-67.40302245227578;-7.810832102573475;8.42084905936431;-0.0;0.0
348.847;0.0;-68.05528659443657;-8.02260571457304;8.579404585396931;-0.0;0.0
348.955;0.0;-68.71411674740989;-8.239592400467549;8.740056323984401;-0.0;0.0
349.07;0.0;-69.37003246007384;-8.458724423077445;8.900502651527736;-0.0;0.0
349.177;0.0;-70.34590709258994;-8.790547897001925;9.14016158995905;-0.0;0.0
349.278;0.0;-71.00003588846006;-9.01689465118622;9.3014473990159;-0.0;0.0
349.384;0.0;-71.65124550842103;-9.245396170328974;9.462532863446826;-0.0;0.0
349.494;0.0;-72.29642743471913;-9.474927078488331;9.622644624951922;-0.0;0.0
349.608;0.0;-72.9449273991641;-9.708823329431862;9.784105068604699;-0.0;0.0
349.723;0.0;-73.59361069363995;-9.94601169037007;9.946144478397619;-0.0;0.0
349.825;0.0;-74.56250434621569;-10.306362228138516;10.189179353277263;-0.0;0.0
349.94;0.0;-75.207735654429;-10.550423248703176;10.351707013511497;-0.0;0.0
350.05;0.0;-75.84388282679876;-10.794284603572978;10.512486021936379;-0.0;0.0
350.166;0.0;-76.48634385475188;-11.043861055501011;10.675411362645969;-0.0;0.0
350.274;0.0;-77.12740366547143;-11.296227231482497;10.838539822226622;-0.0;0.0
350.387;0.0;-78.07871997907048;-11.67694457521942;11.081661718499115;-0.0;0.0
350.502;0.0;-78.71627049038736;-11.936297517221309;11.245304652605915;-0.0;0.0
350.607;0.0;-79.34632047564561;-12.195955045924673;11.407589099016485;-0.0;0.0
350.722;0.0;-79.98103934712817;-12.460945581846676;11.571653131393845;-0.0;0.0
350.834;0.0;-80.61432728187005;-12.728785011251333;11.735931975028317;-0.0;0.0
350.945;0.0;-81.55553110061075;-13.133292721538869;11.98118162405688;-0.0;0.0
351.05;0.0;-82.18673537900611;-13.408937669904759;12.146399637679055;-0.0;0.0
351.165;0.0;-82.81498046984007;-13.686817043588631;12.311446198101203;-0.0;0.0
351.267;0.0;-83.76359033442334;-14.113150913018654;12.561814001813524;-0.0;0.0
351.37;0.0;-84.07755338096985;-14.256065257863773;12.644989707294583;-0.0;0.0
351.483;0.0;-84.69989436405548;-14.542042183927235;12.810324928813385;-0.0;0.0
351.598;0.0;-85.64030582919784;-14.981041377647726;13.061345637017792;-0.0;0.0
351.704;0.0;-86.26635042313849;-15.277930212747979;13.229256793412869;-0.0;0.0
351.804;0.0;-86.88348461144331;-15.574273497641428;13.395416677980814;-0.0;0.0
351.917;0.0;-87.5050266842374;-15.876469425681936;13.563413090140418;-0.0;0.0
352.042;0.0;-88.43080421468;-16.33363242345189;13.814869841473476;-0.0;0.0
352.15;0.0;-89.04852842609188;-16.64342944251226;13.983485376544806;-0.0;0.0
352.258;0.0;-89.66617167727031;-16.957044754724198;14.15275505789671;-0.0;0.0
352.371;0.0;-90.27496737441295;-17.26998938365474;14.32027118743055;-0.0;0.0
352.475;0.0;-91.18747397002463;-17.746259656554425;14.572625140836553;-0.0;0.0
352.591;0.0;-91.78229035767627;-18.061436348915752;14.73795492224639;-0.0;0.0
352.698;0.0;-92.37705869320297;-18.38036581672043;14.903939822395037;-0.0;0.0
352.809;0.0;-92.96743624217743;-18.700722814745745;15.069369883850914;-0.0;0.0
352.918;0.0;-93.55487604939509;-19.023271541014296;15.234649340864529;-0.0;0.0
353.028;0.0;-93.84085336553895;-19.181675310855212;15.315356350380377;-0.059698357319666044;-0.016348821495365273
353.129;0.0;-93.84085336553895;-19.181675310855212;15.315356350380377;-0.17909507195899815;-0.04904646448609582
353.234;0.0;-93.84085336553895;-19.181675310855212;15.315356350380377;-0.35819014391799636;-0.09809292897219166
353.346;0.0;-93.84085336553895;-19.181675310855212;15.315356350380377;-0.5372852158769946;-0.14713939345828747
353.453;0.0;-93.84085336553895;-19.181675310855212;15.315356350380377;-0.835777002475325;-0.22888350093511392
353.568;0.0;-93.84085336553895;-19.181675310855212;15.315356350380377;-1.0148720744343234;-0.27792996542120973
353.668;0.0;-93.84085336553895;-19.181675310855212;15.315356350380377;-1.1939671463933215;-0.3269764299073056
353.788;0.0;-93.84085336553895;-19.181675310855212;15.315356350380377;-1.4327605756719854;-0.3923717158887666
353.899;0.0;-93.84085336553895;-19.181675310855212;15.315356350380377;-1.67155400495065;-0.45776700187022784
354.002;0.0;-93.84085336553895;-19.181675310855212;15.315356350380377;-1.9103474342293145;-0.523162287851689
354.128;0.0;-93.84085336553895;-19.181675310855212;15.315356350380377;-1.9103474342293145;-0.523162287851689
354.229;0.0;-93.84085336553895;-19.181675310855212;15.315356350380377;-1.9103474342293145;-0.523162287851689
354.342;0.0;-93.84085336553895;-19.181675310855212;15.315356350380377;-1.9103474342293145;-0.523162287851689
354.453;0.0;-93.84085336553895;-19.181675310855212;15.315356350380377;-1.9103474342293145;-0.523162287851689
354.556;0.0;-93.84085336553895;-19.181675310855212;15.315356350380377;-1.9103474342293145;-0.523162287851689
354.657;0.0;-93.84085336553895;-19.181675310855212;15.315356350380377;-1.9103474342293145;-0.523162287851689
354.761;0.0;-93.84085336553895;-19.181675310855212;15.315356350380377;-1.9103474342293145;-0.523162287851689
354.874;0.0;-93.84085336553895;-19.181675310855212;15.315356350380377;-1.9103474342293145;-0.523162287851689
354.985;0.0;-93.84085336553895;-19.181675310855212;15.315356350380377;-1.9103474342293145;-0.523162287851689
355.095;0.0;-93.84085336553895;-19.181675310855212;15.315356350380377;-1.9103474342293145;-0.523162287851689
355.204;0.0;-93.84085336553895;-19.181675310855212;15.315356350380377;-1.9103474342293145;-0.523162287851689
355.315;0.0;-93.84085336553895;-19.181675310855212;15.315356350380377;-1.9103474342293145;-0.523162287851689
355.421;0.0;-93.84085336553895;-19.181675310855212;15.315356350380377;-1.9103474342293145;-0.523162287851689
355.529;0.0;-93.84085336553895;-19.181675310855212;15.315356350380377;-1.9103474342293145;-0.523162287851689
355.645;0.0;-93.84085336553895;-19.181675310855212;15.315356350380377;-1.9103474342293145;-0.523162287851689
355.753;0.0;-93.84085336553895;-19.181675310855212;15.315356350380377;-1.9103474342293145;-0.523162287851689
355.862;0.0;-93.84085336553895;-19.181675310855212;15.315356350380377;-1.9103474342293145;-0.523162287851689
355.98;0.0;-93.84085336553895;-19.181675310855212;15.315356350380377;-1.9103474342293145;-0.523162287851689
356.088;0.0;-93.84085336553895;-19.181675310855212;15.315356350380377;-1.9103474342293145;-0.523162287851689
356.196;0.0;-93.84085336553895;-19.181675310855212;15.315356350380377;-1.9103474342293145;-0.523162287851689
356.311;0.0;-93.84085336553895;-19.181675310855212;15.315356350380377;-1.9103474342293145;-0.523162287851689
356.42;0.0;-93.84085336553895;-19.181675310855212;15.315356350380377;-1.9103474342293145;-0.523162287851689
356.532;0.0;-93.84085336553895;-19.181675310855212;15.315356350380377;-1.9103474342293145;-0.523162287851689
356.644;0.0;-93.84085336553895;-19.181675310855212;15.315356350380377;-1.9103474342293145;-0.523162287851689
356.756;0.0;-93.84085336553895;-19.181675310855212;15.315356350380377;-1.9103474342293145;-0.523162287851689
356.868;0.0;-93.84085336553895;-19.181675310855212;15.315356350380377;-1.9103474342293145;-0.523162287851689
356.974;0.0;-93.84085336553895;-19.181675310855212;15.315356350380377;-1.9103474342293145;-0.523162287851689
357.085;0.0;-93.84085336553895;-19.181675310855212;15.315356350380377;-1.9103474342293145;-0.523162287851689
357.188;0.0;-93.84085336553895;-19.181675310855212;15.315356350380377;-1.9103474342293145;-0.523162287851689
357.293;0.0;-93.84085336553895;-19.181675310855212;15.315356350380377;-1.9103474342293145;-0.523162287851689
357.393;0.0;-93.84085336553895;-19.181675310855212;15.315356350380377;-1.9103474342293145;-0.523162287851689
357.499;0.0;-93.84085336553895;-19.181675310855212;15.315356350380377;-1.9103474342293145;-0.523162287851689
357.6;0.0;-93.84085336553895;-19.181675310855212;15.315356350380377;-1.9103474342293145;-0.523162287851689
357.72;0.0;-93.84085336553895;-19.181675310855212;15.315356350380377;-1.9103474342293145;-0.523162287851689
357.82;0.0;-93.84085336553895;-19.181675310855212;15.315356350380377;-1.9103474342293145;-0.523162287851689
357.921;0.0;-93.84085336553895;-19.181675310855212;15.315356350380377;-1.9103474342293145;-0.523162287851689
358.021;0.0;-93.84085336553895;-19.181675310855212;15.315356350380377;-1.9103474342293145;-0.523162287851689
358.122;0.0;-93.84085336553895;-19.181675310855212;15.315356350380377;-1.9103474342293145;-0.523162287851689
358.222;0.0;-93.84085336553895;-19.181675310855212;15.315356350380377;-1.9103474342293145;-0.523162287851689
358.326;0.0;-93.76610564932255;-19.16120511494908;15.315356350380377;-1.9103474342293145;-0.523162287851689
358.428;0.0;-93.2874791438725;-19.030129828259817;15.315356350380377;-1.9103474342293145;-0.523162287851689
358.529;0.0;-92.54964684831727;-18.82806918479929;15.315356350380377;-1.9103474342293145;-0.523162287851689
358.63;0.0;-92.30249714147278;-18.760385472529016;15.315356350380377;-1.9103474342293145;-0.523162287851689
358.731;0.0;-91.56948727922182;-18.55964548686888;15.315356350380377;-1.9103474342293145;-0.523162287851689
358.832;0.0;-91.32233757237734;-18.491961774598607;15.315356350380377;-1.9103474342293145;-0.523162287851689
358.936;0.0;-90.83165498366658;-18.357584843408354;15.315356350380377;-1.9103474342293145;-0.523162287851689
359.036;0.0;-90.34458921993404;-18.224198405568398;15.315356350380377;-1.9103474342293145;-0.523162287851689
359.138;0.0;-89.85390663122328;-18.089821474378144;15.315356350380377;-1.9103474342293145;-0.523162287851689
359.245;0.0;-89.11969116064625;-17.888751324267915;15.315356350380377;-1.9103474342293145;-0.523162287851689
359.346;0.0;-89.01842006125632;-17.861017510459604;15.315356350380377;-1.9103474342293145;-0.523162287851689
359.446;0.0;-89.01842006125632;-17.861017510459604;15.315356350380377;-1.9103474342293145;-0.523162287851689
359.547;0.0;-89.01842006125632;-17.861017510459604;15.315356350380377;-1.9103474342293145;-0.523162287851689
359.648;0.0;-89.01842006125632;-17.861017510459604;15.315356350380377;-1.9103474342293145;-0.523162287851689
359.751;0.0;-89.01842006125632;-17.861017510459604;15.315356350380377;-1.9103474342293145;-0.523162287851689
359.852;0.0;-89.01842006125632;-17.861017510459604;15.315356350380377;-1.9103474342293145;-0.523162287851689
359.953;0.0;-89.01842006125632;-17.861017510459604;15.315356350380377;-1.9103474342293145;-0.523162287851689
360.053;0.0;-89.01842006125632;-17.861017510459604;15.315356350380377;-1.9103474342293145;-0.523162287851689
360.154;0.0;-89.01842006125632;-17.861017510459604;15.315356350380377;-1.9103474342293145;-0.523162287851689
360.265;0.0;-89.01842006125632;-17.861017510459604;15.315356350380377;-1.9103474342293145;-0.523162287851689
360.374;0.0;-89.01842006125632;-17.861017510459604;15.315356350380377;-1.9103474342293145;-0.523162287851689
360.476;0.0;-89.01842006125632;-17.861017510459604;15.315356350380377;-1.9103474342293145;-0.523162287851689
360.58;0.0;-89.01842006125632;-17.861017510459604;15.315356350380377;-1.9103474342293145;-0.523162287851689
360.691;0.0;-89.01842006125632;-17.861017510459604;15.315356350380377;-1.9103474342293145;-0.523162287851689
360.804;0.0;-89.01842006125632;-17.861017510459604;15.315356350380377;-1.9103474342293145;-0.523162287851689
360.913;0.0;-89.01842006125632;-17.861017510459604;15.315356350380377;-1.9103474342293145;-0.523162287851689
361.026;0.0;-89.01842006125632;-17.861017510459604;15.315356350380377;-1.9103474342293145;-0.523162287851689
361.127;0.0;-89.01842006125632;-17.861017510459604;15.315356350380377;-1.9103474342293145;-0.523162287851689
361.232;0.0;-89.01842006125632;-17.861017510459604;15.315356350380377;-1.9103474342293145;-0.523162287851689
361.339;0.0;-89.01842006125632;-17.861017510459604;15.315356350380377;-1.9103474342293145;-0.523162287851689
361.456;0.0;-89.01842006125632;-17.861017510459604;15.315356350380377;-1.9103474342293145;-0.523162287851689
361.571;0.0;-89.0437378361038;-17.86795096391168;15.315356350380377;-1.9103474342293145;-0.523162287851689
361.679;0.0;-89.72128971535551;-18.053503384867266;15.315356350380377;-1.9103474342293145;-0.523162287851689
361.784;0.0;-90.21076669574019;-18.187550151607418;15.315356350380377;-1.9103474342293145;-0.523162287851689
361.899;0.0;-90.70144928445096;-18.32192708279767;15.315356350380377;-1.9103474342293145;-0.523162287851689
361.999;0.0;-91.18730943985743;-18.45498335618753;15.315356350380377;-1.9103474342293145;-0.523162287851689
362.105;0.0;-91.67799202856818;-18.589360287377783;15.315356350380377;-1.9103474342293145;-0.523162287851689
362.22;0.0;-92.408590674167;-18.78943994413772;15.315356350380377;-1.9103474342293145;-0.523162287851689
362.329;0.0;-92.89686204622562;-18.923156546427773;15.315356350380377;-1.9103474342293145;-0.523162287851689
362.446;0.0;-93.38754463493638;-19.057533477618026;15.315356350380377;-1.9103474342293145;-0.523162287851689
362.551;0.0;-93.81674119901753;-19.175072021853236;15.315356350380377;-1.9103474342293145;-0.523162287851689
362.653;0.0;-93.84085336553895;-19.181675310855212;15.315356350380377;-1.9103474342293145;-0.523162287851689
362.76;0.0;-93.84085336553895;-19.181675310855212;15.315356350380377;-1.9103474342293145;-0.523162287851689
362.868;0.0;-93.84085336553895;-19.181675310855212;15.315356350380377;-1.9103474342293145;-0.523162287851689
362.971;0.0;-93.84085336553895;-19.181675310855212;15.315356350380377;-1.9103474342293145;-0.523162287851689
363.076;0.0;-93.84085336553895;-19.181675310855212;15.315356350380377;-1.9103474342293145;-0.523162287851689
363.188;0.0;-93.84085336553895;-19.181675310855212;15.315356350380377;-1.9103474342293145;-0.523162287851689
363.3;0.0;-93.84085336553895;-19.181675310855212;15.315356350380377;-1.9103474342293145;-0.523162287851689
363.407;0.0;-93.84085336553895;-19.181675310855212;15.315356350380377;-1.9103474342293145;-0.523162287851689
363.508;0.0;-93.84085336553895;-19.181675310855212;15.315356350380377;-1.9103474342293145;-0.523162287851689
363.618;0.0;-93.84085336553895;-19.181675310855212;15.315356350380377;-1.9103474342293145;-0.523162287851689
363.718;0.0;-93.84085336553895;-19.181675310855212;15.315356350380377;-1.9103474342293145;-0.523162287851689
363.818;0.0;-93.84085336553895;-19.181675310855212;15.315356350380377;-1.9103474342293145;-0.523162287851689
363.919;0.0;-93.84085336553895;-19.181675310855212;15.315356350380377;-1.9103474342293145;-0.523162287851689
364.02;0.0;-93.84085336553895;-19.181675310855212;15.315356350380377;-1.9103474342293145;-0.523162287851689
364.12;0.0;-93.84085336553895;-19.181675310855212;15.315356350380377;-1.9103474342293145;-0.523162287851689
364.222;0.0;-93.84085336553895;-19.181675310855212;15.315356350380377;-1.9103474342293145;-0.523162287851689
364.326;0.0;-93.84085336553895;-19.181675310855212;15.315356350380377;-1.9103474342293145;-0.523162287851689
364.427;0.0;-93.84085336553895;-19.181675310855212;15.315356350380377;-1.9103474342293145;-0.523162287851689
364.537;0.0;-93.84085336553895;-19.181675310855212;15.315356350380377;-1.9103474342293145;-0.523162287851689
364.638;0.0;-93.84085336553895;-19.181675310855212;15.315356350380377;-1.9103474342293145;-0.523162287851689
364.739;0.0;-93.84085336553895;-19.181675310855212;15.315356350380377;-1.9103474342293145;-0.523162287851689
364.849;0.0;-93.84085336553895;-19.181675310855212;15.315356350380377;-1.9103474342293145;-0.523162287851689
364.95;0.0;-93.84085336553895;-19.181675310855212;15.315356350380377;-1.9103474342293145;-0.523162287851689
365.057;0.0;-93.84085336553895;-19.181675310855212;15.315356350380377;-1.9103474342293145;-0.523162287851689
365.169;0.0;-93.84085336553895;-19.181675310855212;15.315356350380377;-1.9103474342293145;-0.523162287851689
365.269;0.0;-93.84085336553895;-19.181675310855212;15.315356350380377;-1.9103474342293145;-0.523162287851689
365.37;0.0;-93.84085336553895;-19.181675310855212;15.315356350380377;-1.9103474342293145;-0.523162287851689
365.47;0.0;-93.84085336553895;-19.181675310855212;15.315356350380377;-1.9103474342293145;-0.523162287851689
365.571;0.0;-93.84085336553895;-19.181675310855212;15.315356350380377;-1.9103474342293145;-0.523162287851689
365.673;0.0;-93.84085336553895;-19.181675310855212;15.315356350380377;-1.9103474342293145;-0.523162287851689
365.776;0.0;-93.84085336553895;-19.181675310855212;15.315356350380377;-1.9103474342293145;-0.523162287851689
365.877;0.0;-93.84085336553895;-19.181675310855212;15.315356350380377;-1.9103474342293145;-0.523162287851689
365.978;0.0;-93.84085336553895;-19.181675310855212;15.315356350380377;-1.9103474342293145;-0.523162287851689
366.086;0.0;-93.84085336553895;-19.181675310855212;15.315356350380377;-1.9103474342293145;-0.523162287851689
366.187;0.0;-93.84085336553895;-19.181675310855212;15.315356350380377;-1.9103474342293145;-0.523162287851689
366.29;0.0;-93.84085336553895;-19.181675310855212;15.315356350380377;-1.9103474342293145;-0.523162287851689
366.395;0.0;-93.84085336553895;-19.181675310855212;15.315356350380377;-1.9103474342293145;-0.523162287851689
366.506;0.0;-93.84085336553895;-19.181675310855212;15.315356350380377;-1.9103474342293145;-0.523162287851689
366.61;0.0;-93.84085336553895;-19.181675310855212;15.315356350380377;-1.9103474342293145;-0.523162287851689
366.716;0.0;-93.84085336553895;-19.181675310855212;15.315356350380377;-1.9103474342293145;-0.523162287851689
366.821;0.0;-93.84085336553895;-19.181675310855212;15.315356350380377;-1.9103474342293145;-0.523162287851689
366.94;0.0;-93.84085336553895;-19.181675310855212;15.315356350380377;-1.9103474342293145;-0.523162287851689
367.058;0.0;-93.84085336553895;-19.181675310855212;15.315356350380377;-1.9103474342293145;-0.523162287851689
367.169;0.0;-93.84085336553895;-19.181675310855212;15.315356350380377;-1.9103474342293145;-0.523162287851689
367.282;0.0;-93.84085336553895;-19.181675310855212;15.315356350380377;-1.9103474342293145;-0.523162287851689
367.384;0.0;-93.84085336553895;-19.181675310855212;15.315356350380377;-1.9103474342293145;-0.523162287851689
367.489;0.0;-93.84085336553895;-19.181675310855212;15.315356350380377;-1.9103474342293145;-0.523162287851689
367.594;0.0;-93.84085336553895;-19.181675310855212;15.315356350380377;-1.9103474342293145;-0.523162287851689
367.703;0.0;-93.84085336553895;-19.181675310855212;15.315356350380377;-1.9103474342293145;-0.523162287851689
367.805;0.0;-93.84085336553895;-19.181675310855212;15.315356350380377;-1.9103474342293145;-0.523162287851689
367.912;0.0;-93.84085336553895;-19.181675310855212;15.315356350380377;-1.9103474342293145;-0.523162287851689
368.036;0.0;-93.84085336553895;-19.181675310855212;15.315356350380377;-1.9103474342293145;-0.523162287851689
368.147;0.0;-93.84085336553895;-19.181675310855212;15.315356350380377;-1.9103474342293145;-0.523162287851689
368.255;0.0;-93.84085336553895;-19.181675310855212;15.315356350380377;-1.9103474342293145;-0.523162287851689
368.364;0.0;-93.84085336553895;-19.181675310855212;15.315356350380377;-1.9103474342293145;-0.523162287851689
368.476;0.0;-93.84085336553895;-19.181675310855212;15.315356350380377;-1.9103474342293145;-0.523162287851689
368.587;0.0;-93.84085336553895;-19.181675310855212;15.315356350380377;-1.9103474342293145;-0.523162287851689
368.695;0.0;-93.84085336553895;-19.181675310855212;15.315356350380377;-1.9103474342293145;-0.523162287851689
368.795;0.0;-93.84085336553895;-19.181675310855212;15.315356350380377;-1.9103474342293145;-0.523162287851689
368.898;0.0;-93.84085336553895;-19.181675310855212;15.315356350380377;-1.9103474342293145;-0.523162287851689
369.011;0.0;-93.84085336553895;-19.181675310855212;15.315356350380377;-1.9103474342293145;-0.523162287851689
369.118;0.0;-93.84085336553895;-19.181675310855212;15.315356350380377;-1.9103474342293145;-0.523162287851689
369.218;0.0;-93.84085336553895;-19.181675310855212;15.315356350380377;-1.9103474342293145;-0.523162287851689
369.319;0.0;-93.84085336553895;-19.181675310855212;15.315356350380377;-1.9103474342293145;-0.523162287851689
369.419;0.0;-93.84085336553895;-19.181675310855212;15.315356350380377;-1.9103474342293145;-0.523162287851689
369.519;0.0;-93.84085336553895;-19.181675310855212;15.315356350380377;-1.9103474342293145;-0.523162287851689
369.619;0.0;-93.84085336553895;-19.181675310855212;15.315356350380377;-1.9103474342293145;-0.523162287851689
369.72;0.0;-93.84085336553895;-19.181675310855212;15.315356350380377;-1.9103474342293145;-0.523162287851689
369.822;0.0;-93.84085336553895;-19.181675310855212;15.315356350380377;-1.9103474342293145;-0.523162287851689
369.932;0.0;-93.84085336553895;-19.181675310855212;15.315356350380377;-1.9103474342293145;-0.523162287851689
370.032;0.0;-93.84085336553895;-19.181675310855212;15.315356350380377;-1.9103474342293145;-0.523162287851689
370.133;0.0;-93.84085336553895;-19.181675310855212;15.315356350380377;-1.9103474342293145;-0.523162287851689
370.248;0.0;-93.84085336553895;-19.181675310855212;15.315356350380377;-1.9103474342293145;-0.523162287851689
370.358;0.0;-93.84085336553895;-19.181675310855212;15.315356350380377;-1.9103474342293145;-0.523162287851689
370.459;0.0;-93.84085336553895;-19.181675310855212;15.315356350380377;-1.9103474342293145;-0.523162287851689
370.566;0.0;-93.84085336553895;-19.181675310855212;15.315356350380377;-1.9103474342293145;-0.523162287851689
370.672;0.0;-93.84085336553895;-19.181675310855212;15.315356350380377;-1.9103474342293145;-0.523162287851689
370.784;0.0;-93.84085336553895;-19.181675310855212;15.315356350380377;-1.9103474342293145;-0.523162287851689
370.897;0.0;-93.84085336553895;-19.181675310855212;15.315356350380377;-1.9103474342293145;-0.523162287851689
371.005;0.0;-93.84085336553895;-19.181675310855212;15.315356350380377;-1.9103474342293145;-0.523162287851689
371.116;0.0;-93.84085336553895;-19.181675310855212;15.315356350380377;-1.9103474342293145;-0.523162287851689
371.231;0.0;-93.84085336553895;-19.181675310855212;15.315356350380377;-1.9103474342293145;-0.523162287851689
371.341;0.0;-93.84085336553895;-19.181675310855212;15.315356350380377;-1.9103474342293145;-0.523162287851689
371.442;0.0;-93.84085336553895;-19.181675310855212;15.315356350380377;-1.9103474342293145;-0.523162287851689
371.546;0.0;-93.84085336553895;-19.181675310855212;15.315356350380377;-1.9103474342293145;-0.523162287851689
371.659;0.0;-93.84085336553895;-19.181675310855212;15.315356350380377;-1.9103474342293145;-0.523162287851689
371.764;0.0;-93.84085336553895;-19.181675310855212;15.315356350380377;-1.9103474342293145;-0.523162287851689
371.865;0.0;-93.84085336553895;-19.181675310855212;15.315356350380377;-1.9103474342293145;-0.523162287851689
371.972;0.0;-93.84085336553895;-19.181675310855212;15.315356350380377;-1.9103474342293145;-0.523162287851689
372.099;0.0;-93.84085336553895;-19.181675310855212;15.315356350380377;-1.9103474342293145;-0.523162287851689
372.214;0.0;-93.84085336553895;-19.181675310855212;15.315356350380377;-1.9103474342293145;-0.523162287851689
372.327;0.0;-93.84085336553895;-19.181675310855212;15.315356350380377;-1.9103474342293145;-0.523162287851689
372.428;0.0;-93.84085336553895;-19.181675310855212;15.315356350380377;-1.9103474342293145;-0.523162287851689
372.532;0.0;-93.84085336553895;-19.181675310855212;15.315356350380377;-1.9103474342293145;-0.523162287851689
372.641;0.0;-93.84085336553895;-19.181675310855212;15.315356350380377;-1.9103474342293145;-0.523162287851689
372.76;0.0;-93.84085336553895;-19.181675310855212;15.315356350380377;-1.9103474342293145;-0.523162287851689
372.861;0.0;-93.84085336553895;-19.181675310855212;15.315356350380377;-1.9103474342293145;-0.523162287851689
372.976;0.0;-93.84085336553895;-19.181675310855212;15.315356350380377;-1.9103474342293145;-0.523162287851689
373.084;0.0;-93.84085336553895;-19.181675310855212;15.315356350380377;-1.9103474342293145;-0.523162287851689
373.185;0.0;-93.84085336553895;-19.181675310855212;15.315356350380377;-1.9103474342293145;-0.523162287851689
373.292;0.0;-93.84085336553895;-19.181675310855212;15.315356350380377;-1.9103474342293145;-0.523162287851689
373.403;0.0;-93.84085336553895;-19.181675310855212;15.315356350380377;-1.9103474342293145;-0.523162287851689
373.513;0.0;-93.84085336553895;-19.181675310855212;15.315356350380377;-1.9103474342293145;-0.523162287851689
373.624;0.0;-93.84085336553895;-19.181675310855212;15.315356350380377;-1.9103474342293145;-0.523162287851689
373.735;0.0;-93.84085336553895;-19.181675310855212;15.315356350380377;-1.9103474342293145;-0.523162287851689
373.849;0.0;-93.84085336553895;-19.181675310855212;15.315356350380377;-1.9103474342293145;-0.523162287851689
373.96;0.0;-93.84085336553895;-19.181675310855212;15.315356350380377;-1.9103474342293145;-0.523162287851689
374.068;0.0;-93.84085336553895;-19.181675310855212;15.315356350380377;-1.9103474342293145;-0.523162287851689
374.177;0.0;-93.84085336553895;-19.181675310855212;15.315356350380377;-1.9103474342293145;-0.523162287851689
374.289;0.0;-93.84085336553895;-19.181675310855212;15.315356350380377;-1.9103474342293145;-0.523162287851689
374.39;0.0;-93.84085336553895;-19.181675310855212;15.315356350380377;-1.9103474342293145;-0.523162287851689
374.495;0.0;-93.84085336553895;-19.181675310855212;15.315356350380377;-1.9103474342293145;-0.523162287851689
374.607;0.0;-93.84085336553895;-19.181675310855212;15.315356350380377;-1.9103474342293145;-0.523162287851689
374.723;0.0;-93.84085336553895;-19.181675310855212;15.315356350380377;-1.9103474342293145;-0.523162287851689
374.828;0.0;-93.84085336553895;-19.181675310855212;15.315356350380377;-1.9103474342293145;-0.523162287851689
374.946;0.0;-93.84085336553895;-19.181675310855212;15.315356350380377;-1.9103474342293145;-0.523162287851689
375.052;0.0;-93.84085336553895;-19.181675310855212;15.315356350380377;-1.9103474342293145;-0.523162287851689
375.165;0.0;-93.84085336553895;-19.181675310855212;15.315356350380377;-1.9103474342293145;-0.523162287851689
375.267;0.0;-93.84085336553895;-19.181675310855212;15.315356350380377;-1.9103474342293145;-0.523162287851689
375.371;0.0;-93.84085336553895;-19.181675310855212;15.315356350380377;-1.9103474342293145;-0.523162287851689
375.483;0.0;-93.84085336553895;-19.181675310855212;15.315356350380377;-1.9103474342293145;-0.523162287851689
375.598;0.0;-93.84085336553895;-19.181675310855212;15.315356350380377;-1.9103474342293145;-0.523162287851689
375.707;0.0;-93.84085336553895;-19.181675310855212;15.315356350380377;-1.9103474342293145;-0.523162287851689
375.817;0.0;-93.84085336553895;-19.181675310855212;15.315356350380377;-1.9103474342293145;-0.523162287851689
375.931;0.0;-93.84085336553895;-19.181675310855212;15.315356350380377;-1.9103474342293145;-0.523162287851689
376.032;0.0;-93.84085336553895;-19.181675310855212;15.315356350380377;-1.9103474342293145;-0.523162287851689
376.133;0.0;-93.84085336553895;-19.181675310855212;15.315356350380377;-1.9103474342293145;-0.523162287851689
376.234;0.0;-93.84085336553895;-19.181675310855212;15.315356350380377;-1.9103474342293145;-0.523162287851689
376.337;0.0;-93.84085336553895;-19.181675310855212;15.315356350380377;-1.9103474342293145;-0.523162287851689
376.438;0.0;-93.84085336553895;-19.181675310855212;15.315356350380377;-1.9103474342293145;-0.523162287851689
376.538;0.0;-93.84085336553895;-19.181675310855212;15.315356350380377;-1.9103474342293145;-0.523162287851689
376.639;0.0;-93.84085336553895;-19.181675310855212;15.315356350380377;-1.9103474342293145;-0.523162287851689
376.739;0.0;-93.84085336553895;-19.181675310855212;15.315356350380377;-1.9103474342293145;-0.523162287851689
376.84;0.0;-93.84085336553895;-19.181675310855212;15.315356350380377;-1.9103474342293145;-0.523162287851689
376.942;0.0;-93.84085336553895;-19.181675310855212;15.315356350380377;-1.9103474342293145;-0.523162287851689
377.042;0.0;-93.84085336553895;-19.181675310855212;15.315356350380377;-1.9103474342293145;-0.523162287851689
377.144;0.0;-93.84085336553895;-19.181675310855212;15.315356350380377;-1.9103474342293145;-0.523162287851689
377.248;0.0;-93.84085336553895;-19.181675310855212;15.315356350380377;-1.9103474342293145;-0.523162287851689
377.356;0.0;-93.84085336553895;-19.181675310855212;15.315356350380377;-1.9103474342293145;-0.523162287851689
377.47;0.0;-93.84085336553895;-19.181675310855212;15.315356350380377;-1.9103474342293145;-0.523162287851689
377.575;0.0;-93.84085336553895;-19.181675310855212;15.315356350380377;-1.9103474342293145;-0.523162287851689
377.675;0.0;-93.84085336553895;-19.181675310855212;15.315356350380377;-1.9103474342293145;-0.523162287851689
377.781;0.0;-93.84085336553895;-19.181675310855212;15.315356350380377;-1.9103474342293145;-0.523162287851689
377.881;0.0;-93.84085336553895;-19.181675310855212;15.315356350380377;-1.9103474342293145;-0.523162287851689
377.982;0.0;-93.84085336553895;-19.181675310855212;15.315356350380377;-1.9103474342293145;-0.523162287851689
378.082;0.0;-93.84085336553895;-19.181675310855212;15.315356350380377;-1.9103474342293145;-0.523162287851689
378.183;0.0;-93.84085336553895;-19.181675310855212;15.315356350380377;-1.9103474342293145;-0.523162287851689
378.284;0.0;-93.84085336553895;-19.181675310855212;15.315356350380377;-1.9103474342293145;-0.523162287851689
378.384;0.0;-93.84085336553895;-19.181675310855212;15.315356350380377;-1.9103474342293145;-0.523162287851689
378.484;0.0;-93.84085336553895;-19.181675310855212;15.315356350380377;-1.9103474342293145;-0.523162287851689
378.588;0.0;-93.84085336553895;-19.181675310855212;15.315356350380377;-1.9103474342293145;-0.523162287851689
378.69;0.0;-93.84085336553895;-19.181675310855212;15.315356350380377;-1.9103474342293145;-0.523162287851689
378.791;0.0;-93.84085336553895;-19.181675310855212;15.315356350380377;-1.9103474342293145;-0.523162287851689
378.892;0.0;-93.84085336553895;-19.181675310855212;15.315356350380377;-1.9103474342293145;-0.523162287851689
379.009;0.0;-93.84085336553895;-19.181675310855212;15.315356350380377;-1.9103474342293145;-0.523162287851689
379.114;0.0;-93.84085336553895;-19.181675310855212;15.315356350380377;-1.9103474342293145;-0.523162287851689
379.231;0.0;-93.84085336553895;-19.181675310855212;15.315356350380377;-1.9103474342293145;-0.523162287851689
379.344;0.0;-93.84085336553895;-19.181675310855212;15.315356350380377;-1.9103474342293145;-0.523162287851689
379.453;0.0;-93.84085336553895;-19.181675310855212;15.315356350380377;-1.9103474342293145;-0.523162287851689
379.556;0.0;-93.84085336553895;-19.181675310855212;15.315356350380377;-1.9103474342293145;-0.523162287851689
379.661;0.0;-93.84085336553895;-19.181675310855212;15.315356350380377;-1.9103474342293145;-0.523162287851689
379.765;0.0;-93.84085336553895;-19.181675310855212;15.315356350380377;-1.9103474342293145;-0.523162287851689
379.879;0.0;-93.84085336553895;-19.181675310855212;15.315356350380377;-1.9103474342293145;-0.523162287851689
379.987;0.0;-93.84085336553895;-19.181675310855212;15.315356350380377;-1.9103474342293145;-0.523162287851689
380.096;0.0;-93.84085336553895;-19.181675310855212;15.315356350380377;-1.9103474342293145;-0.523162287851689
380.209;0.0;-93.84085336553895;-19.181675310855212;15.315356350380377;-1.9103474342293145;-0.523162287851689
380.32;0.0;-93.84085336553895;-19.181675310855212;15.315356350380377;-1.9103474342293145;-0.523162287851689
380.43;0.0;-93.84085336553895;-19.181675310855212;15.315356350380377;-1.9103474342293145;-0.523162287851689
380.533;0.0;-93.84085336553895;-19.181675310855212;15.315356350380377;-1.9103474342293145;-0.523162287851689
380.645;0.0;-93.84085336553895;-19.181675310855212;15.315356350380377;-1.9103474342293145;-0.523162287851689
380.749;0.0;-93.84085336553895;-19.181675310855212;15.315356350380377;-1.9103474342293145;-0.523162287851689
380.86;0.0;-93.84085336553895;-19.181675310855212;15.315356350380377;-1.9103474342293145;-0.523162287851689
380.978;0.0;-93.84085336553895;-19.181675310855212;15.315356350380377;-1.9103474342293145;-0.523162287851689
381.084;0.0;-93.84085336553895;-19.181675310855212;15.315356350380377;-1.9103474342293145;-0.523162287851689
381.194;0.0;-93.84085336553895;-19.181675310855212;15.315356350380377;-1.9103474342293145;-0.523162287851689
381.304;0.0;-93.84085336553895;-19.181675310855212;15.315356350380377;-1.9103474342293145;-0.523162287851689
381.404;0.0;-93.84085336553895;-19.181675310855212;15.315356350380377;-1.9103474342293145;-0.523162287851689
381.515;0.0;-93.84085336553895;-19.181675310855212;15.315356350380377;-1.9103474342293145;-0.523162287851689
381.624;0.0;-93.84085336553895;-19.181675310855212;15.315356350380377;-1.9103474342293145;-0.523162287851689
381.735;0.0;-93.84085336553895;-19.181675310855212;15.315356350380377;-1.9103474342293145;-0.523162287851689
381.846;0.0;-93.84085336553895;-19.181675310855212;15.315356350380377;-1.9103474342293145;-0.523162287851689
381.955;0.0;-93.84085336553895;-19.181675310855212;15.315356350380377;-1.9103474342293145;-0.523162287851689
382.056;0.0;-93.84085336553895;-19.181675310855212;15.315356350380377;-1.9103474342293145;-0.523162287851689
382.163;0.0;-93.84085336553895;-19.181675310855212;15.315356350380377;-1.9103474342293145;-0.523162287851689
382.269;0.0;-93.84085336553895;-19.181675310855212;15.315356350380377;-1.9103474342293145;-0.523162287851689
382.386;0.0;-93.84085336553895;-19.181675310855212;15.315356350380377;-1.9103474342293145;-0.523162287851689
382.487;0.0;-93.84085336553895;-19.181675310855212;15.315356350380377;-1.9103474342293145;-0.523162287851689
382.589;0.0;-93.84085336553895;-19.181675310855212;15.315356350380377;-1.9103474342293145;-0.523162287851689
382.69;0.0;-93.84085336553895;-19.181675310855212;15.315356350380377;-1.9103474342293145;-0.523162287851689
382.79;0.0;-93.84085336553895;-19.181675310855212;15.315356350380377;-1.9103474342293145;-0.523162287851689
382.893;0.0;-93.84085336553895;-19.181675310855212;15.315356350380377;-1.9103474342293145;-0.523162287851689
382.994;0.0;-93.84085336553895;-19.181675310855212;15.315356350380377;-1.9103474342293145;-0.523162287851689
383.095;0.0;-93.84085336553895;-19.181675310855212;15.315356350380377;-1.9103474342293145;-0.523162287851689
383.196;0.0;-93.84085336553895;-19.181675310855212;15.315356350380377;-1.9103474342293145;-0.523162287851689
383.297;0.0;-93.84085336553895;-19.181675310855212;15.315356350380377;-1.9103474342293145;-0.523162287851689
383.41;0.0;-93.84085336553895;-19.181675310855212;15.315356350380377;-1.9103474342293145;-0.523162287851689
383.515;0.0;-93.84085336553895;-19.181675310855212;15.315356350380377;-1.9103474342293145;-0.523162287851689
383.627;0.0;-93.84085336553895;-19.181675310855212;15.315356350380377;-1.9103474342293145;-0.523162287851689
383.736;0.0;-93.84085336553895;-19.181675310855212;15.315356350380377;-1.9103474342293145;-0.523162287851689
383.846;0.0;-93.84085336553895;-19.181675310855212;15.315356350380377;-1.9103474342293145;-0.523162287851689
383.96;0.0;-93.84085336553895;-19.181675310855212;15.315356350380377;-1.9103474342293145;-0.523162287851689
384.069;0.0;-93.84085336553895;-19.181675310855212;15.315356350380377;-1.9103474342293145;-0.523162287851689
384.183;0.0;-93.84085336553895;-19.181675310855212;15.315356350380377;-1.9103474342293145;-0.523162287851689
384.289;0.0;-93.84085336553895;-19.181675310855212;15.315356350380377;-1.9103474342293145;-0.523162287851689
384.393;0.0;-93.84085336553895;-19.181675310855212;15.315356350380377;-1.9103474342293145;-0.523162287851689
384.498;0.0;-93.84085336553895;-19.181675310855212;15.315356350380377;-1.9103474342293145;-0.523162287851689
384.623;0.0;-93.84085336553895;-19.181675310855212;15.315356350380377;-1.9103474342293145;-0.523162287851689
384.731;0.0;-93.84085336553895;-19.181675310855212;15.315356350380377;-1.9103474342293145;-0.523162287851689
384.843;0.0;-93.84085336553895;-19.181675310855212;15.315356350380377;-1.9103474342293145;-0.523162287851689
384.953;0.0;-93.84085336553895;-19.181675310855212;15.315356350380377;-1.9103474342293145;-0.523162287851689
385.063;0.0;-93.84085336553895;-19.181675310855212;15.315356350380377;-1.9103474342293145;-0.523162287851689
385.173;0.0;-93.84085336553895;-19.181675310855212;15.315356350380377;-1.9103474342293145;-0.523162287851689
385.284;0.0;-93.84085336553895;-19.181675310855212;15.315356350380377;-1.9103474342293145;-0.523162287851689
385.396;0.0;-93.84085336553895;-19.181675310855212;15.315356350380377;-1.9103474342293145;-0.523162287851689
385.503;0.0;-93.84085336553895;-19.181675310855212;15.315356350380377;-1.9103474342293145;-0.523162287851689
385.609;0.0;-93.84085336553895;-19.181675310855212;15.315356350380377;-1.9103474342293145;-0.523162287851689
385.723;0.0;-93.84085336553895;-19.181675310855212;15.315356350380377;-1.9103474342293145;-0.523162287851689
385.832;0.0;-93.84085336553895;-19.181675310855212;15.315356350380377;-1.9103474342293145;-0.523162287851689
385.946;0.0;-93.84085336553895;-19.181675310855212;15.315356350380377;-1.9103474342293145;-0.523162287851689
386.06;0.0;-93.84085336553895;-19.181675310855212;15.315356350380377;-1.9103474342293145;-0.523162287851689
386.168;0.0;-93.84085336553895;-19.181675310855212;15.315356350380377;-1.9103474342293145;-0.523162287851689
386.278;0.0;-93.84085336553895;-19.181675310855212;15.315356350380377;-1.9103474342293145;-0.523162287851689
386.388;0.0;-93.84085336553895;-19.181675310855212;15.315356350380377;-1.9103474342293145;-0.523162287851689
386.49;0.0;-93.84085336553895;-19.181675310855212;15.315356350380377;-1.9103474342293145;-0.523162287851689
386.594;0.0;-93.84085336553895;-19.181675310855212;15.315356350380377;-1.9103474342293145;-0.523162287851689
386.695;0.0;-93.84085336553895;-19.181675310855212;15.315356350380377;-1.9103474342293145;-0.523162287851689
386.795;0.0;-93.84085336553895;-19.181675310855212;15.315356350380377;-1.9103474342293145;-0.523162287851689
386.896;0.0;-93.84085336553895;-19.181675310855212;15.315356350380377;-1.9103474342293145;-0.523162287851689
386.996;0.0;-93.84085336553895;-19.181675310855212;15.315356350380377;-1.9103474342293145;-0.523162287851689
387.097;0.0;-93.84085336553895;-19.181675310855212;15.315356350380377;-1.9103474342293145;-0.523162287851689
387.199;0.0;-93.84085336553895;-19.181675310855212;15.315356350380377;-1.9103474342293145;-0.523162287851689
387.303;0.0;-93.84085336553895;-19.181675310855212;15.315356350380377;-1.9103474342293145;-0.523162287851689
387.407;0.0;-93.84085336553895;-19.181675310855212;15.315356350380377;-1.9103474342293145;-0.523162287851689
387.507;0.0;-93.84085336553895;-19.181675310855212;15.315356350380377;-1.9103474342293145;-0.523162287851689
387.614;0.0;-93.84085336553895;-19.181675310855212;15.315356350380377;-1.9103474342293145;-0.523162287851689
387.715;0.0;-93.84085336553895;-19.181675310855212;15.315356350380377;-1.9103474342293145;-0.523162287851689
387.821;0.0;-93.84085336553895;-19.181675310855212;15.315356350380377;-1.9103474342293145;-0.523162287851689
387.928;0.0;-93.84085336553895;-19.181675310855212;15.315356350380377;-1.9103474342293145;-0.523162287851689
388.04;0.0;-93.84085336553895;-19.181675310855212;15.315356350380377;-1.9103474342293145;-0.523162287851689
388.141;0.0;-93.84085336553895;-19.181675310855212;15.315356350380377;-1.9103474342293145;-0.523162287851689
388.251;0.0;-93.84085336553895;-19.181675310855212;15.315356350380377;-1.9103474342293145;-0.523162287851689
388.358;0.0;-93.84085336553895;-19.181675310855212;15.315356350380377;-1.9103474342293145;-0.523162287851689
388.46;0.0;-93.84085336553895;-19.181675310855212;15.315356350380377;-1.9103474342293145;-0.523162287851689
388.562;0.0;-93.84085336553895;-19.181675310855212;15.315356350380377;-1.9103474342293145;-0.523162287851689
388.663;0.0;-93.84085336553895;-19.181675310855212;15.315356350380377;-1.9103474342293145;-0.523162287851689
388.773;0.0;-93.84085336553895;-19.181675310855212;15.315356350380377;-1.9103474342293145;-0.523162287851689
388.873;0.0;-93.84085336553895;-19.181675310855212;15.315356350380377;-1.9103474342293145;-0.523162287851689
388.974;0.0;-93.84085336553895;-19.181675310855212;15.315356350380377;-1.9103474342293145;-0.523162287851689
389.075;0.0;-93.84085336553895;-19.181675310855212;15.315356350380377;-1.9103474342293145;-0.523162287851689
389.175;0.0;-93.84085336553895;-19.181675310855212;15.315356350380377;-1.9103474342293145;-0.523162287851689
389.276;0.0;-93.84085336553895;-19.181675310855212;15.315356350380377;-1.9103474342293145;-0.523162287851689
389.377;0.0;-93.84085336553895;-19.181675310855212;15.315356350380377;-1.9103474342293145;-0.523162287851689
389.477;0.0;-93.84085336553895;-19.181675310855212;15.315356350380377;-1.9103474342293145;-0.523162287851689
389.58;0.0;-93.84085336553895;-19.181675310855212;15.315356350380377;-1.9103474342293145;-0.523162287851689
389.696;0.0;-93.84085336553895;-19.181675310855212;15.315356350380377;-1.9103474342293145;-0.523162287851689
389.807;0.0;-93.84085336553895;-19.181675310855212;15.315356350380377;-1.9103474342293145;-0.523162287851689
389.91;0.0;-93.84085336553895;-19.181675310855212;15.315356350380377;-1.9103474342293145;-0.523162287851689
390.021;0.0;-93.84085336553895;-19.181675310855212;15.315356350380377;-1.9103474342293145;-0.523162287851689
390.133;0.0;-93.84085336553895;-19.181675310855212;15.315356350380377;-1.9103474342293145;-0.523162287851689
390.246;0.0;-93.84085336553895;-19.181675310855212;15.315356350380377;-1.9103474342293145;-0.523162287851689
390.355;0.0;-93.84085336553895;-19.181675310855212;15.315356350380377;-1.9103474342293145;-0.523162287851689
390.466;0.0;-93.84085336553895;-19.181675310855212;15.315356350380377;-1.9103474342293145;-0.523162287851689
390.569;0.0;-93.84085336553895;-19.181675310855212;15.315356350380377;-1.9103474342293145;-0.523162287851689
390.671;0.0;-93.84085336553895;-19.181675310855212;15.315356350380377;-1.9103474342293145;-0.523162287851689
390.783;0.0;-93.84085336553895;-19.181675310855212;15.315356350380377;-1.9103474342293145;-0.523162287851689
390.896;0.0;-93.84085336553895;-19.181675310855212;15.315356350380377;-1.9103474342293145;-0.523162287851689
391.005;0.0;-93.84085336553895;-19.181675310855212;15.315356350380377;-1.9103474342293145;-0.523162287851689
391.106;0.0;-93.84085336553895;-19.181675310855212;15.315356350380377;-1.9103474342293145;-0.523162287851689
391.216;0.0;-93.84085336553895;-19.181675310855212;15.315356350380377;-1.9103474342293145;-0.523162287851689
391.32;0.0;-93.84085336553895;-19.181675310855212;15.315356350380377;-1.9103474342293145;-0.523162287851689
391.423;0.0;-93.84085336553895;-19.181675310855212;15.315356350380377;-1.9103474342293145;-0.523162287851689
391.527;0.0;-93.84085336553895;-19.181675310855212;15.315356350380377;-1.9103474342293145;-0.523162287851689
391.64;0.0;-93.84085336553895;-19.181675310855212;15.315356350380377;-1.9103474342293145;-0.523162287851689
391.741;0.0;-93.84085336553895;-19.181675310855212;15.315356350380377;-1.9103474342293145;-0.523162287851689
391.864;0.0;-93.84085336553895;-19.181675310855212;15.315356350380377;-1.9103474342293145;-0.523162287851689
391.979;0.0;-93.84085336553895;-19.181675310855212;15.315356350380377;-1.9103474342293145;-0.523162287851689
392.084;0.0;-93.84085336553895;-19.181675310855212;15.315356350380377;-1.9103474342293145;-0.523162287851689
392.198;0.0;-93.84085336553895;-19.181675310855212;15.315356350380377;-1.9103474342293145;-0.523162287851689
392.312;0.0;-93.84085336553895;-19.181675310855212;15.315356350380377;-1.9103474342293145;-0.523162287851689
392.424;0.0;-93.84085336553895;-19.181675310855212;15.315356350380377;-1.9103474342293145;-0.523162287851689
392.536;0.0;-93.84085336553895;-19.181675310855212;15.315356350380377;-1.9103474342293145;-0.523162287851689
392.638;0.0;-93.84085336553895;-19.181675310855212;15.315356350380377;-1.9103474342293145;-0.523162287851689
392.744;0.0;-93.84085336553895;-19.181675310855212;15.315356350380377;-1.9103474342293145;-0.523162287851689
392.853;0.0;-93.84085336553895;-19.181675310855212;15.315356350380377;-1.9103474342293145;-0.523162287851689
392.963;0.0;-93.84085336553895;-19.181675310855212;15.315356350380377;-1.9103474342293145;-0.523162287851689
393.073;0.0;-93.84085336553895;-19.181675310855212;15.315356350380377;-1.9103474342293145;-0.523162287851689
393.191;0.0;-93.84085336553895;-19.181675310855212;15.315356350380377;-1.9103474342293145;-0.523162287851689
393.296;0.0;-93.84085336553895;-19.181675310855212;15.315356350380377;-1.9103474342293145;-0.523162287851689
393.412;0.0;-93.84085336553895;-19.181675310855212;15.315356350380377;-1.9103474342293145;-0.523162287851689
393.518;0.0;-93.84085336553895;-19.181675310855212;15.315356350380377;-1.9103474342293145;-0.523162287851689
393.631;0.0;-93.84085336553895;-19.181675310855212;15.315356350380377;-1.9103474342293145;-0.523162287851689
393.745;0.0;-93.84085336553895;-19.181675310855212;15.315356350380377;-1.9103474342293145;-0.523162287851689
393.846;0.0;-93.84085336553895;-19.181675310855212;15.315356350380377;-1.9103474342293145;-0.523162287851689
393.947;0.0;-93.84085336553895;-19.181675310855212;15.315356350380377;-1.9103474342293145;-0.523162287851689
394.059;0.0;-93.84085336553895;-19.181675310855212;15.315356350380377;-1.9103474342293145;-0.523162287851689
394.177;0.0;-93.84085336553895;-19.181675310855212;15.315356350380377;-1.9103474342293145;-0.523162287851689
394.285;0.0;-93.84085336553895;-19.181675310855212;15.315356350380377;-1.9103474342293145;-0.523162287851689
394.395;0.0;-93.84085336553895;-19.181675310855212;15.315356350380377;-1.9103474342293145;-0.523162287851689
394.503;0.0;-93.84085336553895;-19.181675310855212;15.315356350380377;-1.9103474342293145;-0.523162287851689
394.615;0.0;-93.84085336553895;-19.181675310855212;15.315356350380377;-1.9103474342293145;-0.523162287851689
394.722;0.0;-93.84085336553895;-19.181675310855212;15.315356350380377;-1.9103474342293145;-0.523162287851689
394.833;0.0;-93.84085336553895;-19.181675310855212;15.315356350380377;-1.9103474342293145;-0.523162287851689
394.941;0.0;-93.84085336553895;-19.181675310855212;15.315356350380377;-1.9103474342293145;-0.523162287851689
395.054;0.0;-93.84085336553895;-19.181675310855212;15.315356350380377;-1.9103474342293145;-0.523162287851689
395.168;0.0;-93.84085336553895;-19.181675310855212;15.315356350380377;-1.9103474342293145;-0.523162287851689
395.273;0.0;-93.84085336553895;-19.181675310855212;15.315356350380377;-1.9103474342293145;-0.523162287851689
395.373;0.0;-93.84085336553895;-19.181675310855212;15.315356350380377;-1.9103474342293145;-0.523162287851689
395.482;0.0;-93.84085336553895;-19.181675310855212;15.315356350380377;-1.9103474342293145;-0.523162287851689
395.599;0.0;-93.84085336553895;-19.181675310855212;15.315356350380377;-1.9103474342293145;-0.523162287851689
395.705;0.0;-93.84085336553895;-19.181675310855212;15.315356350380377;-1.9103474342293145;-0.523162287851689
395.82;0.0;-93.84085336553895;-19.181675310855212;15.315356350380377;-1.9103474342293145;-0.523162287851689
395.926;0.0;-93.84085336553895;-19.181675310855212;15.315356350380377;-1.9103474342293145;-0.523162287851689
396.043;0.0;-93.84085336553895;-19.181675310855212;15.315356350380377;-1.9103474342293145;-0.523162287851689
396.153;0.0;-93.84085336553895;-19.181675310855212;15.315356350380377;-1.9103474342293145;-0.523162287851689
396.263;0.0;-93.84085336553895;-19.181675310855212;15.315356350380377;-1.9103474342293145;-0.523162287851689
396.364;0.0;-93.84085336553895;-19.181675310855212;15.315356350380377;-1.9103474342293145;-0.523162287851689
396.473;0.0;-93.84085336553895;-19.181675310855212;15.315356350380377;-1.9103474342293145;-0.523162287851689
396.579;0.0;-93.84085336553895;-19.181675310855212;15.315356350380377;-1.9103474342293145;-0.523162287851689
396.68;0.0;-93.84085336553895;-19.181675310855212;15.315356350380377;-1.9103474342293145;-0.523162287851689
396.785;0.0;-93.84085336553895;-19.181675310855212;15.315356350380377;-1.9103474342293145;-0.523162287851689
396.885;0.0;-93.84085336553895;-19.181675310855212;15.315356350380377;-1.9103474342293145;-0.523162287851689
396.992;0.0;-93.84085336553895;-19.181675310855212;15.315356350380377;-1.9103474342293145;-0.523162287851689
397.093;0.0;-93.84085336553895;-19.181675310855212;15.315356350380377;-1.9103474342293145;-0.523162287851689
397.193;0.0;-93.84085336553895;-19.181675310855212;15.315356350380377;-1.9103474342293145;-0.523162287851689
397.294;0.0;-93.84085336553895;-19.181675310855212;15.315356350380377;-1.9103474342293145;-0.523162287851689
397.394;0.0;-93.84085336553895;-19.181675310855212;15.315356350380377;-1.9103474342293145;-0.523162287851689
397.498;0.0;-93.84085336553895;-19.181675310855212;15.315356350380377;-1.9103474342293145;-0.523162287851689
397.6;0.0;-93.84085336553895;-19.181675310855212;15.315356350380377;-1.9103474342293145;-0.523162287851689
397.702;0.0;-93.84085336553895;-19.181675310855212;15.315356350380377;-1.9103474342293145;-0.523162287851689
397.802;0.0;-93.84085336553895;-19.181675310855212;15.315356350380377;-1.9103474342293145;-0.523162287851689
397.914;0.0;-93.84085336553895;-19.181675310855212;15.315356350380377;-1.9103474342293145;-0.523162287851689
398.017;0.0;-93.84085336553895;-19.181675310855212;15.315356350380377;-1.9103474342293145;-0.523162287851689
398.12;0.0;-93.84085336553895;-19.181675310855212;15.315356350380377;-1.9103474342293145;-0.523162287851689
398.228;0.0;-93.84085336553895;-19.181675310855212;15.315356350380377;-1.9103474342293145;-0.523162287851689
398.339;0.0;-93.84085336553895;-19.181675310855212;15.315356350380377;-1.9103474342293145;-0.523162287851689
398.449;0.0;-93.84085336553895;-19.181675310855212;15.315356350380377;-1.9103474342293145;-0.523162287851689
398.56;0.0;-93.84085336553895;-19.181675310855212;15.315356350380377;-1.9103474342293145;-0.523162287851689
398.669;0.0;-93.84085336553895;-19.181675310855212;15.315356350380377;-1.9103474342293145;-0.523162287851689
398.77;0.0;-93.84085336553895;-19.181675310855212;15.315356350380377;-1.9103474342293145;-0.523162287851689
398.875;0.0;-93.84085336553895;-19.181675310855212;15.315356350380377;-1.9103474342293145;-0.523162287851689
398.983;0.0;-93.84085336553895;-19.181675310855212;15.315356350380377;-1.9103474342293145;-0.523162287851689
399.096;0.0;-93.84085336553895;-19.181675310855212;15.315356350380377;-1.9103474342293145;-0.523162287851689
399.21;0.0;-93.84085336553895;-19.181675310855212;15.315356350380377;-1.9103474342293145;-0.523162287851689
399.317;0.0;-93.84085336553895;-19.181675310855212;15.315356350380377;-1.9103474342293145;-0.523162287851689
399.427;0.0;-93.84085336553895;-19.181675310855212;15.315356350380377;-1.9103474342293145;-0.523162287851689
399.538;0.0;-93.84085336553895;-19.181675310855212;15.315356350380377;-1.9103474342293145;-0.523162287851689
399.648;0.0;-93.84085336553895;-19.181675310855212;15.315356350380377;-1.9103474342293145;-0.523162287851689
399.759;0.0;-93.84085336553895;-19.181675310855212;15.315356350380377;-1.9103474342293145;-0.523162287851689
399.869;0.0;-93.84085336553895;-19.181675310855212;15.315356350380377;-1.9103474342293145;-0.523162287851689
399.97;0.0;-93.84085336553895;-19.181675310855212;15.315356350380377;-1.9103474342293145;-0.523162287851689
400.075;0.0;-93.84085336553895;-19.181675310855212;15.315356350380377;-1.9103474342293145;-0.523162287851689
400.18;0.0;-93.84085336553895;-19.181675310855212;15.315356350380377;-1.9103474342293145;-0.523162287851689
400.286;0.0;-93.84085336553895;-19.181675310855212;15.315356350380377;-1.9103474342293145;-0.523162287851689
400.396;0.0;-93.84085336553895;-19.181675310855212;15.315356350380377;-1.9103474342293145;-0.523162287851689
400.501;0.0;-93.84085336553895;-19.181675310855212;15.315356350380377;-1.9103474342293145;-0.523162287851689
400.601;0.0;-93.84085336553895;-19.181675310855212;15.315356350380377;-1.9103474342293145;-0.523162287851689
400.725;0.0;-93.84085336553895;-19.181675310855212;15.315356350380377;-1.9103474342293145;-0.523162287851689
400.834;0.0;-93.84085336553895;-19.181675310855212;15.315356350380377;-1.9103474342293145;-0.523162287851689
400.936;0.0;-93.84085336553895;-19.181675310855212;15.315356350380377;-1.9103474342293145;-0.523162287851689
401.049;0.0;-93.84085336553895;-19.181675310855212;15.315356350380377;-1.9103474342293145;-0.523162287851689
401.152;0.0;-93.84085336553895;-19.181675310855212;15.315356350380377;-1.9103474342293145;-0.523162287851689
401.254;0.0;-93.84085336553895;-19.181675310855212;15.315356350380377;-1.9103474342293145;-0.523162287851689
401.354;0.0;-93.84085336553895;-19.181675310855212;15.315356350380377;-1.9103474342293145;-0.523162287851689
401.455;0.0;-93.84085336553895;-19.181675310855212;15.315356350380377;-1.9103474342293145;-0.523162287851689
401.559;0.0;-93.84085336553895;-19.181675310855212;15.315356350380377;-1.9103474342293145;-0.523162287851689
401.659;0.0;-93.84085336553895;-19.181675310855212;15.315356350380377;-1.9103474342293145;-0.523162287851689
401.76;0.0;-93.84085336553895;-19.181675310855212;15.315356350380377;-1.9103474342293145;-0.523162287851689
401.861;0.0;-93.84085336553895;-19.181675310855212;15.315356350380377;-1.9103474342293145;-0.523162287851689
401.968;0.0;-93.84085336553895;-19.181675310855212;15.315356350380377;-1.9103474342293145;-0.523162287851689
402.071;0.0;-93.84085336553895;-19.181675310855212;15.315356350380377;-1.9103474342293145;-0.523162287851689
402.172;0.0;-93.84085336553895;-19.181675310855212;15.315356350380377;-1.9103474342293145;-0.523162287851689
402.287;0.0;-93.84085336553895;-19.181675310855212;15.315356350380377;-1.9103474342293145;-0.523162287851689
402.388;0.0;-93.84085336553895;-19.181675310855212;15.315356350380377;-1.9103474342293145;-0.523162287851689
402.502;0.0;-93.84085336553895;-19.181675310855212;15.315356350380377;-1.9103474342293145;-0.523162287851689
402.613;0.0;-93.84085336553895;-19.181675310855212;15.315356350380377;-1.9103474342293145;-0.523162287851689
402.726;0.0;-93.84085336553895;-19.181675310855212;15.315356350380377;-1.9103474342293145;-0.523162287851689
402.831;0.0;-93.84085336553895;-19.181675310855212;15.315356350380377;-1.9103474342293145;-0.523162287851689
402.932;0.0;-93.84085336553895;-19.181675310855212;15.315356350380377;-1.9103474342293145;-0.523162287851689
403.06;0.0;-93.84085336553895;-19.181675310855212;15.315356350380377;-1.9103474342293145;-0.523162287851689
403.171;0.0;-93.84085336553895;-19.181675310855212;15.315356350380377;-1.9103474342293145;-0.523162287851689
403.279;0.0;-93.84085336553895;-19.181675310855212;15.315356350380377;-1.9103474342293145;-0.523162287851689
403.379;0.0;-93.84085336553895;-19.181675310855212;15.315356350380377;-1.9103474342293145;-0.523162287851689
403.483;0.0;-93.84085336553895;-19.181675310855212;15.315356350380377;-1.9103474342293145;-0.523162287851689
403.596;0.0;-93.84085336553895;-19.181675310855212;15.315356350380377;-1.9103474342293145;-0.523162287851689
403.708;0.0;-93.84085336553895;-19.181675310855212;15.315356350380377;-1.9103474342293145;-0.523162287851689
403.824;0.0;-93.84085336553895;-19.181675310855212;15.315356350380377;-1.9103474342293145;-0.523162287851689
403.935;0.0;-93.84085336553895;-19.181675310855212;15.315356350380377;-1.9103474342293145;-0.523162287851689
404.037;0.0;-93.84085336553895;-19.181675310855212;15.315356350380377;-1.9103474342293145;-0.523162287851689
404.138;0.0;-93.84085336553895;-19.181675310855212;15.315356350380377;-1.9103474342293145;-0.523162287851689
404.252;0.0;-93.84085336553895;-19.181675310855212;15.315356350380377;-1.9103474342293145;-0.523162287851689
404.361;0.0;-93.84085336553895;-19.181675310855212;15.315356350380377;-1.9103474342293145;-0.523162287851689
404.477;0.0;-93.84085336553895;-19.181675310855212;15.315356350380377;-1.9103474342293145;-0.523162287851689
404.584;0.0;-93.84085336553895;-19.181675310855212;15.315356350380377;-1.9103474342293145;-0.523162287851689
404.699;0.0;-93.84085336553895;-19.181675310855212;15.315356350380377;-1.9103474342293145;-0.523162287851689
404.806;0.0;-93.84085336553895;-19.181675310855212;15.315356350380377;-1.9103474342293145;-0.523162287851689
404.915;0.0;-93.84085336553895;-19.181675310855212;15.315356350380377;-1.9103474342293145;-0.523162287851689
405.018;0.0;-93.84085336553895;-19.181675310855212;15.315356350380377;-1.9103474342293145;-0.523162287851689
405.14;0.0;-93.84085336553895;-19.181675310855212;15.315356350380377;-1.9103474342293145;-0.523162287851689
405.251;0.0;-93.84085336553895;-19.181675310855212;15.315356350380377;-1.9103474342293145;-0.523162287851689
405.362;0.0;-93.84085336553895;-19.181675310855212;15.315356350380377;-1.9103474342293145;-0.523162287851689
405.476;0.0;-93.84085336553895;-19.181675310855212;15.315356350380377;-1.9103474342293145;-0.523162287851689
405.587;0.0;-93.84085336553895;-19.181675310855212;15.315356350380377;-1.9103474342293145;-0.523162287851689
405.692;0.0;-93.84085336553895;-19.181675310855212;15.315356350380377;-1.9103474342293145;-0.523162287851689
405.804;0.0;-93.84085336553895;-19.181675310855212;15.315356350380377;-1.9103474342293145;-0.523162287851689
405.914;0.0;-93.84085336553895;-19.181675310855212;15.315356350380377;-1.9103474342293145;-0.523162287851689
406.031;0.0;-93.84085336553895;-19.181675310855212;15.315356350380377;-1.9103474342293145;-0.523162287851689
406.138;0.0;-93.84085336553895;-19.181675310855212;15.315356350380377;-1.9103474342293145;-0.523162287851689
406.255;0.0;-93.84085336553895;-19.181675310855212;15.315356350380377;-1.9103474342293145;-0.523162287851689
406.36;0.0;-93.84085336553895;-19.181675310855212;15.315356350380377;-1.9103474342293145;-0.523162287851689
406.472;0.0;-93.84085336553895;-19.181675310855212;15.315356350380377;-1.9103474342293145;-0.523162287851689
406.582;0.0;-93.84085336553895;-19.181675310855212;15.315356350380377;-1.9103474342293145;-0.523162287851689
406.692;0.0;-93.84085336553895;-19.181675310855212;15.315356350380377;-1.9103474342293145;-0.523162287851689
406.808;0.0;-93.84085336553895;-19.181675310855212;15.315356350380377;-1.9103474342293145;-0.523162287851689
406.914;0.0;-93.84085336553895;-19.181675310855212;15.315356350380377;-1.9103474342293145;-0.523162287851689
407.028;0.0;-93.84085336553895;-19.181675310855212;15.315356350380377;-1.9103474342293145;-0.523162287851689
407.142;0.0;-93.84085336553895;-19.181675310855212;15.315356350380377;-1.9103474342293145;-0.523162287851689
407.252;0.0;-93.84085336553895;-19.181675310855212;15.315356350380377;-1.9103474342293145;-0.523162287851689
407.361;0.0;-93.84085336553895;-19.181675310855212;15.315356350380377;-1.9103474342293145;-0.523162287851689
407.48;0.0;-93.84085336553895;-19.181675310855212;15.315356350380377;-1.9103474342293145;-0.523162287851689
407.588;0.0;-93.84085336553895;-19.181675310855212;15.315356350380377;-1.9103474342293145;-0.523162287851689
407.69;0.0;-93.84085336553895;-19.181675310855212;15.315356350380377;-1.9103474342293145;-0.523162287851689
407.794;0.0;-93.84085336553895;-19.181675310855212;15.315356350380377;-1.9103474342293145;-0.523162287851689
407.908;0.0;-93.84085336553895;-19.181675310855212;15.315356350380377;-1.9103474342293145;-0.523162287851689
408.017;0.0;-93.84085336553895;-19.181675310855212;15.315356350380377;-1.9103474342293145;-0.523162287851689
408.13;0.0;-93.84085336553895;-19.181675310855212;15.315356350380377;-1.9103474342293145;-0.523162287851689
408.241;0.0;-93.84085336553895;-19.181675310855212;15.315356350380377;-1.9103474342293145;-0.523162287851689
408.354;0.0;-93.84085336553895;-19.181675310855212;15.315356350380377;-1.9103474342293145;-0.523162287851689
408.462;0.0;-93.84085336553895;-19.181675310855212;15.315356350380377;-1.9103474342293145;-0.523162287851689
408.575;0.0;-93.84085336553895;-19.181675310855212;15.315356350380377;-1.9103474342293145;-0.523162287851689
408.685;0.0;-93.84085336553895;-19.181675310855212;15.315356350380377;-1.9103474342293145;-0.523162287851689
408.794;0.0;-93.84085336553895;-19.181675310855212;15.315356350380377;-1.9103474342293145;-0.523162287851689
408.909;0.0;-93.84085336553895;-19.181675310855212;15.315356350380377;-1.9103474342293145;-0.523162287851689
409.021;0.0;-93.84085336553895;-19.181675310855212;15.315356350380377;-1.9103474342293145;-0.523162287851689
409.133;0.0;-93.84085336553895;-19.181675310855212;15.315356350380377;-1.9103474342293145;-0.523162287851689
409.241;0.0;-93.84085336553895;-19.181675310855212;15.315356350380377;-1.9103474342293145;-0.523162287851689
409.351;0.0;-93.84085336553895;-19.181675310855212;15.315356350380377;-1.9103474342293145;-0.523162287851689
409.453;0.0;-93.84085336553895;-19.181675310855212;15.315356350380377;-1.9103474342293145;-0.523162287851689
409.56;0.0;-93.84085336553895;-19.181675310855212;15.315356350380377;-1.9103474342293145;-0.523162287851689
409.677;0.0;-93.84085336553895;-19.181675310855212;15.315356350380377;-1.9103474342293145;-0.523162287851689
409.781;0.0;-93.84085336553895;-19.181675310855212;15.315356350380377;-1.9103474342293145;-0.523162287851689
409.894;0.0;-93.84085336553895;-19.181675310855212;15.315356350380377;-1.9103474342293145;-0.523162287851689
410.003;0.0;-93.84085336553895;-19.181675310855212;15.315356350380377;-1.9103474342293145;-0.523162287851689
410.116;0.0;-93.84085336553895;-19.181675310855212;15.315356350380377;-1.9103474342293145;-0.523162287851689
410.231;0.0;-93.84085336553895;-19.181675310855212;15.315356350380377;-1.9103474342293145;-0.523162287851689
410.338;0.0;-93.84085336553895;-19.181675310855212;15.315356350380377;-1.9103474342293145;-0.523162287851689
410.439;0.0;-93.84085336553895;-19.181675310855212;15.315356350380377;-1.9103474342293145;-0.523162287851689
410.541;0.0;-93.84085336553895;-19.181675310855212;15.315356350380377;-1.9103474342293145;-0.523162287851689
410.659;0.0;-93.84085336553895;-19.181675310855212;15.315356350380377;-1.9103474342293145;-0.523162287851689
410.763;0.0;-93.84085336553895;-19.181675310855212;15.315356350380377;-1.9103474342293145;-0.523162287851689
410.876;0.0;-93.84085336553895;-19.181675310855212;15.315356350380377;-1.9103474342293145;-0.523162287851689
410.988;0.0;-93.84085336553895;-19.181675310855212;15.315356350380377;-1.9103474342293145;-0.523162287851689
411.099;0.0;-93.84085336553895;-19.181675310855212;15.315356350380377;-1.9103474342293145;-0.523162287851689
411.205;0.0;-93.84085336553895;-19.181675310855212;15.315356350380377;-1.9103474342293145;-0.523162287851689
411.319;0.0;-93.84085336553895;-19.181675310855212;15.315356350380377;-1.9103474342293145;-0.523162287851689
411.431;0.0;-93.84085336553895;-19.181675310855212;15.315356350380377;-1.9103474342293145;-0.523162287851689
411.532;0.0;-93.84085336553895;-19.181675310855212;15.315356350380377;-1.9103474342293145;-0.523162287851689
411.636;0.0;-93.84085336553895;-19.181675310855212;15.315356350380377;-1.9103474342293145;-0.523162287851689
411.746;0.0;-93.84085336553895;-19.181675310855212;15.315356350380377;-1.9103474342293145;-0.523162287851689
411.857;0.0;-93.84085336553895;-19.181675310855212;15.315356350380377;-1.9103474342293145;-0.523162287851689
411.959;0.0;-93.84085336553895;-19.181675310855212;15.315356350380377;-1.9103474342293145;-0.523162287851689
412.095;0.0;-93.84085336553895;-19.181675310855212;15.315356350380377;-1.9103474342293145;-0.523162287851689
412.196;0.0;-93.84085336553895;-19.181675310855212;15.315356350380377;-1.9103474342293145;-0.523162287851689
412.312;0.0;-93.84085336553895;-19.181675310855212;15.315356350380377;-1.9103474342293145;-0.523162287851689
412.416;0.0;-93.84085336553895;-19.181675310855212;15.315356350380377;-1.9103474342293145;-0.523162287851689
412.53;0.0;-93.84085336553895;-19.181675310855212;15.315356350380377;-1.9103474342293145;-0.523162287851689
412.639;0.0;-93.84085336553895;-19.181675310855212;15.315356350380377;-1.9103474342293145;-0.523162287851689
412.743;0.0;-93.84085336553895;-19.181675310855212;15.315356350380377;-1.9103474342293145;-0.523162287851689
412.846;0.0;-93.84085336553895;-19.181675310855212;15.315356350380377;-1.9103474342293145;-0.523162287851689
412.949;0.0;-93.84085336553895;-19.181675310855212;15.315356350380377;-1.9103474342293145;-0.523162287851689
413.063;0.0;-93.84085336553895;-19.181675310855212;15.315356350380377;-1.9103474342293145;-0.523162287851689
413.174;0.0;-93.84085336553895;-19.181675310855212;15.315356350380377;-1.9103474342293145;-0.523162287851689
413.281;0.0;-93.84085336553895;-19.181675310855212;15.315356350380377;-1.9103474342293145;-0.523162287851689
413.393;0.0;-93.84085336553895;-19.181675310855212;15.315356350380377;-1.9103474342293145;-0.523162287851689
413.502;0.0;-93.84085336553895;-19.181675310855212;15.315356350380377;-1.9103474342293145;-0.523162287851689
413.615;0.0;-93.84085336553895;-19.181675310855212;15.315356350380377;-1.9103474342293145;-0.523162287851689
413.723;0.0;-93.84085336553895;-19.181675310855212;15.315356350380377;-1.9103474342293145;-0.523162287851689
413.835;0.0;-93.84085336553895;-19.181675310855212;15.315356350380377;-1.9103474342293145;-0.523162287851689
413.943;0.0;-93.84085336553895;-19.181675310855212;15.315356350380377;-1.9103474342293145;-0.523162287851689
414.044;0.0;-93.84085336553895;-19.181675310855212;15.315356350380377;-1.9103474342293145;-0.523162287851689
414.147;0.0;-93.84085336553895;-19.181675310855212;15.315356350380377;-1.9103474342293145;-0.523162287851689
414.247;0.0;-93.84085336553895;-19.181675310855212;15.315356350380377;-1.9103474342293145;-0.523162287851689
414.355;0.0;-93.84085336553895;-19.181675310855212;15.315356350380377;-1.9103474342293145;-0.523162287851689
414.462;0.0;-93.84085336553895;-19.181675310855212;15.315356350380377;-1.9103474342293145;-0.523162287851689
414.563;0.0;-93.84085336553895;-19.181675310855212;15.315356350380377;-1.9103474342293145;-0.523162287851689
414.663;0.0;-93.84085336553895;-19.181675310855212;15.315356350380377;-1.9103474342293145;-0.523162287851689
414.764;0.0;-93.84085336553895;-19.181675310855212;15.315356350380377;-1.9103474342293145;-0.523162287851689
414.866;0.0;-93.84085336553895;-19.181675310855212;15.315356350380377;-1.9103474342293145;-0.523162287851689
414.969;0.0;-93.84085336553895;-19.181675310855212;15.315356350380377;-1.9103474342293145;-0.523162287851689
415.07;0.0;-93.84085336553895;-19.181675310855212;15.315356350380377;-1.9103474342293145;-0.523162287851689
415.17;0.0;-93.84085336553895;-19.181675310855212;15.315356350380377;-1.9103474342293145;-0.523162287851689
415.284;0.0;-93.84085336553895;-19.181675310855212;15.315356350380377;-1.9103474342293145;-0.523162287851689
415.393;0.0;-93.84085336553895;-19.181675310855212;15.315356350380377;-1.9103474342293145;-0.523162287851689
415.494;0.0;-93.84085336553895;-19.181675310855212;15.315356350380377;-1.9103474342293145;-0.523162287851689
415.618;0.0;-93.84085336553895;-19.181675310855212;15.315356350380377;-1.9103474342293145;-0.523162287851689
415.719;0.0;-93.84085336553895;-19.181675310855212;15.315356350380377;-1.9103474342293145;-0.523162287851689
415.826;0.0;-93.84085336553895;-19.181675310855212;15.315356350380377;-1.9103474342293145;-0.523162287851689
415.926;0.0;-93.84085336553895;-19.181675310855212;15.315356350380377;-1.9103474342293145;-0.523162287851689
416.032;0.0;-93.84085336553895;-19.181675310855212;15.315356350380377;-1.9103474342293145;-0.523162287851689
416.134;0.0;-93.84085336553895;-19.181675310855212;15.315356350380377;-1.9103474342293145;-0.523162287851689
416.234;0.0;-93.84085336553895;-19.181675310855212;15.315356350380377;-1.9103474342293145;-0.523162287851689
416.335;0.0;-93.84085336553895;-19.181675310855212;15.315356350380377;-1.9103474342293145;-0.523162287851689
416.438;0.0;-93.84085336553895;-19.181675310855212;15.315356350380377;-1.9103474342293145;-0.523162287851689
416.538;0.0;-93.84085336553895;-19.181675310855212;15.315356350380377;-1.9103474342293145;-0.523162287851689
416.638;0.0;-93.84085336553895;-19.181675310855212;15.315356350380377;-1.9103474342293145;-0.523162287851689
416.739;0.0;-93.84085336553895;-19.181675310855212;15.315356350380377;-1.9103474342293145;-0.523162287851689
416.839;0.0;-93.84085336553895;-19.181675310855212;15.315356350380377;-1.9103474342293145;-0.523162287851689
416.944;0.0;-93.84085336553895;-19.181675310855212;15.315356350380377;-1.9103474342293145;-0.523162287851689
417.044;0.0;-93.84085336553895;-19.181675310855212;15.315356350380377;-1.9103474342293145;-0.523162287851689
417.145;0.0;-93.84085336553895;-19.181675310855212;15.315356350380377;-1.9103474342293145;-0.523162287851689
417.255;0.0;-93.84085336553895;-19.181675310855212;15.315356350380377;-1.9103474342293145;-0.523162287851689
417.356;0.0;-93.84085336553895;-19.181675310855212;15.315356350380377;-1.9103474342293145;-0.523162287851689
417.463;0.0;-93.84085336553895;-19.181675310855212;15.315356350380377;-1.9103474342293145;-0.523162287851689
417.568;0.0;-93.84085336553895;-19.181675310855212;15.315356350380377;-1.9103474342293145;-0.523162287851689
417.68;0.0;-93.84085336553895;-19.181675310855212;15.315356350380377;-1.9103474342293145;-0.523162287851689
417.792;0.0;-93.84085336553895;-19.181675310855212;15.315356350380377;-1.9103474342293145;-0.523162287851689
417.907;0.0;-93.84085336553895;-19.181675310855212;15.315356350380377;-1.9103474342293145;-0.523162287851689
418.017;0.0;-93.84085336553895;-19.181675310855212;15.315356350380377;-1.9103474342293145;-0.523162287851689
418.128;0.0;-93.84085336553895;-19.181675310855212;15.315356350380377;-1.9103474342293145;-0.523162287851689
418.24;0.0;-93.84085336553895;-19.181675310855212;15.315356350380377;-1.9103474342293145;-0.523162287851689
418.352;0.0;-93.84085336553895;-19.181675310855212;15.315356350380377;-1.9103474342293145;-0.523162287851689
418.464;0.0;-93.84085336553895;-19.181675310855212;15.315356350380377;-1.9103474342293145;-0.523162287851689
418.575;0.0;-93.84085336553895;-19.181675310855212;15.315356350380377;-1.9103474342293145;-0.523162287851689
418.69;0.0;-93.84085336553895;-19.181675310855212;15.315356350380377;-1.9103474342293145;-0.523162287851689
418.797;0.0;-93.84085336553895;-19.181675310855212;15.315356350380377;-1.9103474342293145;-0.523162287851689
418.907;0.0;-93.84085336553895;-19.181675310855212;15.315356350380377;-1.9103474342293145;-0.523162287851689
419.017;0.0;-93.84085336553895;-19.181675310855212;15.315356350380377;-1.9103474342293145;-0.523162287851689
419.13;0.0;-93.84085336553895;-19.181675310855212;15.315356350380377;-1.9103474342293145;-0.523162287851689
419.24;0.0;-93.84085336553895;-19.181675310855212;15.315356350380377;-1.9103474342293145;-0.523162287851689
419.352;0.0;-93.84085336553895;-19.181675310855212;15.315356350380377;-1.9103474342293145;-0.523162287851689
419.462;0.0;-93.84085336553895;-19.181675310855212;15.315356350380377;-1.9103474342293145;-0.523162287851689
419.564;0.0;-93.84085336553895;-19.181675310855212;15.315356350380377;-1.9103474342293145;-0.523162287851689
419.67;0.0;-93.84085336553895;-19.181675310855212;15.315356350380377;-1.9103474342293145;-0.523162287851689
419.783;0.0;-93.84085336553895;-19.181675310855212;15.315356350380377;-1.9103474342293145;-0.523162287851689
419.888;0.0;-93.84085336553895;-19.181675310855212;15.315356350380377;-1.9103474342293145;-0.523162287851689
420.003;0.0;-93.84085336553895;-19.181675310855212;15.315356350380377;-1.9103474342293145;-0.523162287851689
420.111;0.0;-93.84085336553895;-19.181675310855212;15.315356350380377;-1.9103474342293145;-0.523162287851689
420.225;0.0;-93.84085336553895;-19.181675310855212;15.315356350380377;-1.9103474342293145;-0.523162287851689
420.331;0.0;-93.84085336553895;-19.181675310855212;15.315356350380377;-1.9103474342293145;-0.523162287851689
420.433;0.0;-93.84085336553895;-19.181675310855212;15.315356350380377;-1.9103474342293145;-0.523162287851689
420.534;0.0;-93.84085336553895;-19.181675310855212;15.315356350380377;-1.9103474342293145;-0.523162287851689
420.634;0.0;-93.84085336553895;-19.181675310855212;15.315356350380377;-1.9103474342293145;-0.523162287851689
420.734;0.0;-93.84085336553895;-19.181675310855212;15.315356350380377;-1.9103474342293145;-0.523162287851689
420.835;0.0;-93.84085336553895;-19.181675310855212;15.315356350380377;-1.9103474342293145;-0.523162287851689
420.935;0.0;-93.84085336553895;-19.181675310855212;15.315356350380377;-1.9103474342293145;-0.523162287851689
421.036;0.0;-93.84085336553895;-19.181675310855212;15.315356350380377;-1.9103474342293145;-0.523162287851689
421.136;0.0;-93.84085336553895;-19.181675310855212;15.315356350380377;-1.9103474342293145;-0.523162287851689
421.238;0.0;-93.84085336553895;-19.181675310855212;15.315356350380377;-1.9103474342293145;-0.523162287851689
421.342;0.0;-93.84085336553895;-19.181675310855212;15.315356350380377;-1.9103474342293145;-0.523162287851689
421.444;0.0;-93.84085336553895;-19.181675310855212;15.315356350380377;-1.9103474342293145;-0.523162287851689
421.555;0.0;-93.84085336553895;-19.181675310855212;15.315356350380377;-1.9103474342293145;-0.523162287851689
421.667;0.0;-93.84085336553895;-19.181675310855212;15.315356350380377;-1.9103474342293145;-0.523162287851689
421.767;0.0;-93.84085336553895;-19.181675310855212;15.315356350380377;-1.9103474342293145;-0.523162287851689
421.872;0.0;-93.84085336553895;-19.181675310855212;15.315356350380377;-1.9103474342293145;-0.523162287851689
421.982;0.0;-93.84085336553895;-19.181675310855212;15.315356350380377;-1.9103474342293145;-0.523162287851689
422.094;0.0;-93.84085336553895;-19.181675310855212;15.315356350380377;-1.9103474342293145;-0.523162287851689
422.204;0.0;-93.84085336553895;-19.181675310855212;15.315356350380377;-1.9103474342293145;-0.523162287851689
422.318;0.0;-93.84085336553895;-19.181675310855212;15.315356350380377;-1.9103474342293145;-0.523162287851689
422.427;0.0;-93.84085336553895;-19.181675310855212;15.315356350380377;-1.9103474342293145;-0.523162287851689
422.538;0.0;-93.84085336553895;-19.181675310855212;15.315356350380377;-1.9103474342293145;-0.523162287851689
422.647;0.0;-93.84085336553895;-19.181675310855212;15.315356350380377;-1.9103474342293145;-0.523162287851689
422.748;0.0;-93.84085336553895;-19.181675310855212;15.315356350380377;-1.9103474342293145;-0.523162287851689
422.855;0.0;-93.84085336553895;-19.181675310855212;15.315356350380377;-1.9103474342293145;-0.523162287851689
422.956;0.0;-93.84085336553895;-19.181675310855212;15.315356350380377;-1.9103474342293145;-0.523162287851689
423.076;0.0;-93.84085336553895;-19.181675310855212;15.315356350380377;-1.9103474342293145;-0.523162287851689
423.189;0.0;-93.84085336553895;-19.181675310855212;15.315356350380377;-1.9103474342293145;-0.523162287851689
423.3;0.0;-93.84085336553895;-19.181675310855212;15.315356350380377;-1.9103474342293145;-0.523162287851689
423.413;0.0;-93.84085336553895;-19.181675310855212;15.315356350380377;-1.9103474342293145;-0.523162287851689
423.523;0.0;-93.84085336553895;-19.181675310855212;15.315356350380377;-1.9103474342293145;-0.523162287851689
423.625;0.0;-93.84085336553895;-19.181675310855212;15.315356350380377;-1.9103474342293145;-0.523162287851689
423.734;0.0;-93.84085336553895;-19.181675310855212;15.315356350380377;-1.9103474342293145;-0.523162287851689
423.846;0.0;-93.84085336553895;-19.181675310855212;15.315356350380377;-1.9103474342293145;-0.523162287851689
423.953;0.0;-93.84085336553895;-19.181675310855212;15.315356350380377;-1.9103474342293145;-0.523162287851689
424.056;0.0;-93.84085336553895;-19.181675310855212;15.315356350380377;-1.9103474342293145;-0.523162287851689
424.161;0.0;-93.84085336553895;-19.181675310855212;15.315356350380377;-1.9103474342293145;-0.523162287851689
424.261;0.0;-93.84085336553895;-19.181675310855212;15.315356350380377;-1.9103474342293145;-0.523162287851689
424.367;0.0;-93.84085336553895;-19.181675310855212;15.315356350380377;-1.9103474342293145;-0.523162287851689
424.468;0.0;-93.84085336553895;-19.181675310855212;15.315356350380377;-1.9103474342293145;-0.523162287851689
424.568;0.0;-93.84085336553895;-19.181675310855212;15.315356350380377;-1.9103474342293145;-0.523162287851689
424.669;0.0;-93.84085336553895;-19.181675310855212;15.315356350380377;-1.9103474342293145;-0.523162287851689
424.769;0.0;-93.84085336553895;-19.181675310855212;15.315356350380377;-1.9103474342293145;-0.523162287851689
424.87;0.0;-93.84085336553895;-19.181675310855212;15.315356350380377;-1.9103474342293145;-0.523162287851689
424.971;0.0;-93.84085336553895;-19.181675310855212;15.315356350380377;-1.9103474342293145;-0.523162287851689
425.072;0.0;-93.84085336553895;-19.181675310855212;15.315356350380377;-1.9103474342293145;-0.523162287851689
425.173;0.0;-93.84085336553895;-19.181675310855212;15.315356350380377;-1.9103474342293145;-0.523162287851689
425.274;0.0;-93.84085336553895;-19.181675310855212;15.315356350380377;-1.9103474342293145;-0.523162287851689
425.384;0.0;-93.84085336553895;-19.181675310855212;15.315356350380377;-1.9103474342293145;-0.523162287851689
425.486;0.0;-93.84085336553895;-19.181675310855212;15.315356350380377;-1.9103474342293145;-0.523162287851689
425.595;0.0;-93.84085336553895;-19.181675310855212;15.315356350380377;-1.9103474342293145;-0.523162287851689
425.702;0.0;-93.84085336553895;-19.181675310855212;15.315356350380377;-1.9103474342293145;-0.523162287851689
425.82;0.0;-93.84085336553895;-19.181675310855212;15.315356350380377;-1.9103474342293145;-0.523162287851689
425.927;0.0;-93.84085336553895;-19.181675310855212;15.315356350380377;-1.9103474342293145;-0.523162287851689
426.043;0.0;-93.84085336553895;-19.181675310855212;15.315356350380377;-1.9103474342293145;-0.523162287851689
426.15;0.0;-93.84085336553895;-19.181675310855212;15.315356350380377;-1.9103474342293145;-0.523162287851689
426.251;0.0;-93.84085336553895;-19.181675310855212;15.315356350380377;-1.9103474342293145;-0.523162287851689
426.356;0.0;-93.84085336553895;-19.181675310855212;15.315356350380377;-1.9103474342293145;-0.523162287851689
426.469;0.0;-93.84085336553895;-19.181675310855212;15.315356350380377;-1.9103474342293145;-0.523162287851689
426.578;0.0;-93.84085336553895;-19.181675310855212;15.315356350380377;-1.9103474342293145;-0.523162287851689
426.696;0.0;-93.84085336553895;-19.181675310855212;15.315356350380377;-1.9103474342293145;-0.523162287851689
426.806;0.0;-93.84085336553895;-19.181675310855212;15.315356350380377;-1.9103474342293145;-0.523162287851689
426.912;0.0;-93.84085336553895;-19.181675310855212;15.315356350380377;-1.9103474342293145;-0.523162287851689
427.028;0.0;-93.84085336553895;-19.181675310855212;15.315356350380377;-1.9103474342293145;-0.523162287851689
427.134;0.0;-93.84085336553895;-19.181675310855212;15.315356350380377;-1.9103474342293145;-0.523162287851689
427.242;0.0;-93.84085336553895;-19.181675310855212;15.315356350380377;-1.9103474342293145;-0.523162287851689
427.344;0.0;-93.84085336553895;-19.181675310855212;15.315356350380377;-1.9103474342293145;-0.523162287851689
427.448;0.0;-93.84085336553895;-19.181675310855212;15.315356350380377;-1.9103474342293145;-0.523162287851689
427.564;0.0;-93.84085336553895;-19.181675310855212;15.315356350380377;-1.9103474342293145;-0.523162287851689
427.68;0.0;-93.84085336553895;-19.181675310855212;15.315356350380377;-1.9103474342293145;-0.523162287851689
427.782;0.0;-93.84085336553895;-19.181675310855212;15.315356350380377;-1.9103474342293145;-0.523162287851689
427.891;0.0;-93.84085336553895;-19.181675310855212;15.315356350380377;-1.9103474342293145;-0.523162287851689
428.004;0.0;-93.84085336553895;-19.181675310855212;15.315356350380377;-1.9103474342293145;-0.523162287851689
428.116;0.0;-93.84085336553895;-19.181675310855212;15.315356350380377;-1.9103474342293145;-0.523162287851689
428.228;0.0;-93.84085336553895;-19.181675310855212;15.315356350380377;-1.9103474342293145;-0.523162287851689
428.338;0.0;-93.84085336553895;-19.181675310855212;15.315356350380377;-1.9103474342293145;-0.523162287851689
428.449;0.0;-93.84085336553895;-19.181675310855212;15.315356350380377;-1.9103474342293145;-0.523162287851689
428.558;0.0;-93.84085336553895;-19.181675310855212;15.315356350380377;-1.9103474342293145;-0.523162287851689
428.66;0.0;-93.84085336553895;-19.181675310855212;15.315356350380377;-1.9103474342293145;-0.523162287851689
428.761;0.0;-93.84085336553895;-19.181675310855212;15.315356350380377;-1.9103474342293145;-0.523162287851689
428.873;0.0;-93.84085336553895;-19.181675310855212;15.315356350380377;-1.9103474342293145;-0.523162287851689
428.983;0.0;-93.84085336553895;-19.181675310855212;15.315356350380377;-1.9103474342293145;-0.523162287851689
429.094;0.0;-93.84085336553895;-19.181675310855212;15.315356350380377;-1.9103474342293145;-0.523162287851689
429.2;0.0;-93.84085336553895;-19.181675310855212;15.315356350380377;-1.9103474342293145;-0.523162287851689
429.302;0.0;-93.84085336553895;-19.181675310855212;15.315356350380377;-1.9103474342293145;-0.523162287851689
429.423;0.0;-93.84085336553895;-19.181675310855212;15.315356350380377;-1.9103474342293145;-0.523162287851689
429.533;0.0;-93.84085336553895;-19.181675310855212;15.315356350380377;-1.9103474342293145;-0.523162287851689
429.643;0.0;-93.84085336553895;-19.181675310855212;15.315356350380377;-1.9103474342293145;-0.523162287851689
429.755;0.0;-93.84085336553895;-19.181675310855212;15.315356350380377;-1.9103474342293145;-0.523162287851689
429.865;0.0;-93.84085336553895;-19.181675310855212;15.315356350380377;-1.9103474342293145;-0.523162287851689
429.977;0.0;-93.84085336553895;-19.181675310855212;15.315356350380377;-1.9103474342293145;-0.523162287851689
430.089;0.0;-93.84085336553895;-19.181675310855212;15.315356350380377;-1.9103474342293145;-0.523162287851689
430.19;0.0;-93.84085336553895;-19.181675310855212;15.315356350380377;-1.9103474342293145;-0.523162287851689
430.294;0.0;-93.84085336553895;-19.181675310855212;15.315356350380377;-1.9103474342293145;-0.523162287851689
430.394;0.0;-93.84085336553895;-19.181675310855212;15.315356350380377;-1.9103474342293145;-0.523162287851689
430.498;0.0;-93.84085336553895;-19.181675310855212;15.315356350380377;-1.9103474342293145;-0.523162287851689
430.598;0.0;-93.84085336553895;-19.181675310855212;15.315356350380377;-1.9103474342293145;-0.523162287851689
430.698;0.0;-93.84085336553895;-19.181675310855212;15.315356350380377;-1.9103474342293145;-0.523162287851689
430.799;0.0;-93.84085336553895;-19.181675310855212;15.315356350380377;-1.9103474342293145;-0.523162287851689
430.9;0.0;-93.84085336553895;-19.181675310855212;15.315356350380377;-1.9103474342293145;-0.523162287851689
431.0;0.0;-93.84085336553895;-19.181675310855212;15.315356350380377;-1.9103474342293145;-0.523162287851689
431.105;0.0;-93.84085336553895;-19.181675310855212;15.315356350380377;-1.9103474342293145;-0.523162287851689
431.21;0.0;-93.84085336553895;-19.181675310855212;15.315356350380377;-1.9103474342293145;-0.523162287851689
431.311;0.0;-93.84085336553895;-19.181675310855212;15.315356350380377;-1.9103474342293145;-0.523162287851689
431.414;0.0;-93.84085336553895;-19.181675310855212;15.315356350380377;-1.9103474342293145;-0.523162287851689
431.519;0.0;-93.84085336553895;-19.181675310855212;15.315356350380377;-1.9103474342293145;-0.523162287851689
431.63;0.0;-93.84085336553895;-19.181675310855212;15.315356350380377;-1.9103474342293145;-0.523162287851689
431.733;0.0;-93.84085336553895;-19.181675310855212;15.315356350380377;-1.9103474342293145;-0.523162287851689
431.834;0.0;-93.84085336553895;-19.181675310855212;15.315356350380377;-1.9103474342293145;-0.523162287851689
431.943;0.0;-93.84085336553895;-19.181675310855212;15.315356350380377;-1.9103474342293145;-0.523162287851689
432.054;0.0;-93.84085336553895;-19.181675310855212;15.315356350380377;-1.9103474342293145;-0.523162287851689
432.17;0.0;-93.84085336553895;-19.181675310855212;15.315356350380377;-1.9103474342293145;-0.523162287851689
432.271;0.0;-93.84085336553895;-19.181675310855212;15.315356350380377;-1.9103474342293145;-0.523162287851689
432.376;0.0;-93.84085336553895;-19.181675310855212;15.315356350380377;-1.9103474342293145;-0.523162287851689
432.482;0.0;-93.84085336553895;-19.181675310855212;15.315356350380377;-1.9103474342293145;-0.523162287851689
432.582;0.0;-93.84085336553895;-19.181675310855212;15.315356350380377;-1.9103474342293145;-0.523162287851689
432.687;0.0;-93.84085336553895;-19.181675310855212;15.315356350380377;-1.9103474342293145;-0.523162287851689
432.787;0.0;-93.84085336553895;-19.181675310855212;15.315356350380377;-1.9103474342293145;-0.523162287851689
432.887;0.0;-93.84085336553895;-19.181675310855212;15.315356350380377;-1.9103474342293145;-0.523162287851689
432.988;0.0;-93.84085336553895;-19.181675310855212;15.315356350380377;-1.9103474342293145;-0.523162287851689
433.088;0.0;-93.84085336553895;-19.181675310855212;15.315356350380377;-1.9103474342293145;-0.523162287851689
433.189;0.0;-93.84085336553895;-19.181675310855212;15.315356350380377;-1.9103474342293145;-0.523162287851689
433.29;0.0;-93.84085336553895;-19.181675310855212;15.315356350380377;-1.9103474342293145;-0.523162287851689
433.392;0.0;-93.84085336553895;-19.181675310855212;15.315356350380377;-1.9103474342293145;-0.523162287851689
433.493;0.0;-93.84085336553895;-19.181675310855212;15.315356350380377;-1.9103474342293145;-0.523162287851689
433.601;0.0;-93.84085336553895;-19.181675310855212;15.315356350380377;-1.9103474342293145;-0.523162287851689
433.702;0.0;-93.84085336553895;-19.181675310855212;15.315356350380377;-1.9103474342293145;-0.523162287851689
433.804;0.0;-93.84085336553895;-19.181675310855212;15.315356350380377;-1.9103474342293145;-0.523162287851689
433.913;0.0;-93.84085336553895;-19.181675310855212;15.315356350380377;-1.9103474342293145;-0.523162287851689
434.014;0.0;-93.84085336553895;-19.181675310855212;15.315356350380377;-1.9103474342293145;-0.523162287851689
434.121;0.0;-93.84085336553895;-19.181675310855212;15.315356350380377;-1.9103474342293145;-0.523162287851689
434.231;0.0;-93.84085336553895;-19.181675310855212;15.315356350380377;-1.9103474342293145;-0.523162287851689
434.345;0.0;-93.84085336553895;-19.181675310855212;15.315356350380377;-1.9103474342293145;-0.523162287851689
434.452;0.0;-93.84085336553895;-19.181675310855212;15.315356350380377;-1.9103474342293145;-0.523162287851689
434.571;0.0;-93.84085336553895;-19.181675310855212;15.315356350380377;-1.9103474342293145;-0.523162287851689
434.676;0.0;-93.84085336553895;-19.181675310855212;15.315356350380377;-1.9103474342293145;-0.523162287851689
434.789;0.0;-93.84085336553895;-19.181675310855212;15.315356350380377;-1.9103474342293145;-0.523162287851689
434.898;0.0;-93.84085336553895;-19.181675310855212;15.315356350380377;-1.9103474342293145;-0.523162287851689
435.008;0.0;-93.84085336553895;-19.181675310855212;15.315356350380377;-1.9103474342293145;-0.523162287851689
435.108;0.0;-93.84085336553895;-19.181675310855212;15.315356350380377;-1.9103474342293145;-0.523162287851689
435.22;0.0;-93.84085336553895;-19.181675310855212;15.315356350380377;-1.9103474342293145;-0.523162287851689
435.322;0.0;-93.84085336553895;-19.181675310855212;15.315356350380377;-1.9103474342293145;-0.523162287851689
435.442;0.0;-93.84085336553895;-19.181675310855212;15.315356350380377;-1.9103474342293145;-0.523162287851689
435.551;0.0;-93.84085336553895;-19.181675310855212;15.315356350380377;-1.9103474342293145;-0.523162287851689
435.663;0.0;-93.84085336553895;-19.181675310855212;15.315356350380377;-1.9103474342293145;-0.523162287851689
435.773;0.0;-93.84085336553895;-19.181675310855212;15.315356350380377;-1.9103474342293145;-0.523162287851689
435.877;0.0;-93.84085336553895;-19.181675310855212;15.315356350380377;-1.9103474342293145;-0.523162287851689
435.99;0.0;-93.84085336553895;-19.181675310855212;15.315356350380377;-1.9103474342293145;-0.523162287851689
436.103;0.0;-93.84085336553895;-19.181675310855212;15.315356350380377;-1.9103474342293145;-0.523162287851689
436.207;0.0;-93.84085336553895;-19.181675310855212;15.315356350380377;-1.9103474342293145;-0.523162287851689
436.314;0.0;-93.84085336553895;-19.181675310855212;15.315356350380377;-1.9103474342293145;-0.523162287851689
436.42;0.0;-93.84085336553895;-19.181675310855212;15.315356350380377;-1.9103474342293145;-0.523162287851689
436.531;0.0;-93.84085336553895;-19.181675310855212;15.315356350380377;-1.9103474342293145;-0.523162287851689
436.642;0.0;-93.84085336553895;-19.181675310855212;15.315356350380377;-1.9103474342293145;-0.523162287851689
436.753;0.0;-93.84085336553895;-19.181675310855212;15.315356350380377;-1.9103474342293145;-0.523162287851689
436.865;0.0;-93.84085336553895;-19.181675310855212;15.315356350380377;-1.9103474342293145;-0.523162287851689
436.978;0.0;-93.84085336553895;-19.181675310855212;15.315356350380377;-1.9103474342293145;-0.523162287851689
437.088;0.0;-93.84085336553895;-19.181675310855212;15.315356350380377;-1.9103474342293145;-0.523162287851689
437.192;0.0;-93.84085336553895;-19.181675310855212;15.315356350380377;-1.9103474342293145;-0.523162287851689
437.293;0.0;-93.84085336553895;-19.181675310855212;15.315356350380377;-1.9103474342293145;-0.523162287851689
437.411;0.0;-93.84085336553895;-19.181675310855212;15.315356350380377;-1.9103474342293145;-0.523162287851689
437.516;0.0;-93.84085336553895;-19.181675310855212;15.315356350380377;-1.9103474342293145;-0.523162287851689
437.632;0.0;-93.70582523301903;-19.144696892444134;15.315356350380377;-1.9103474342293145;-0.523162287851689
437.735;0.0;-93.21032021100399;-19.008999303453486;15.315356350380377;-1.9103474342293145;-0.523162287851689
437.853;0.0;-92.7172264056411;-18.873962043363036;15.315356350380377;-1.9103474342293145;-0.523162287851689
437.958;0.0;-92.23016064190854;-18.74057560552308;15.315356350380377;-1.9103474342293145;-0.523162287851689
438.062;0.0;-91.49112273802723;-18.538184797612452;15.315356350380377;-1.9103474342293145;-0.523162287851689
438.166;0.0;-90.99923454099041;-18.4034777019721;15.315356350380377;-1.9103474342293145;-0.523162287851689
438.284;0.0;-90.50131830232323;-18.267119784081256;15.315356350380377;-1.9103474342293145;-0.523162287851689
438.405;0.0;-90.00340206365604;-18.130761866190408;15.315356350380377;-1.9103474342293145;-0.523162287851689
438.518;0.0;-89.51151386661921;-17.996054770550057;15.315356350380377;-1.9103474342293145;-0.523162287851689
438.619;0.0;-89.01239201962596;-17.85936668820911;15.315356350380377;-1.9103474342293145;-0.523162287851689
438.726;0.0;-88.27335411574465;-17.656975880298482;15.315356350380377;-1.9103474342293145;-0.523162287851689
438.834;0.0;-87.77664348540354;-17.520948126857736;15.315356350380377;-1.9103474342293145;-0.523162287851689
438.946;0.0;-87.27993285506244;-17.38492037341699;15.315356350380377;-1.9103474342293145;-0.523162287851689
439.048;0.0;-86.54089495118112;-17.18252956550636;15.315356350380377;-1.9103474342293145;-0.523162287851689
439.157;0.0;-86.29253963601056;-17.11451568878599;15.315356350380377;-1.9103474342293145;-0.523162287851689
439.263;0.0;-85.79582900566945;-16.978487935345242;15.315356350380377;-1.9103474342293145;-0.523162287851689
439.377;0.0;-85.05558549346208;-16.775766962984516;15.315356350380377;-1.9103474342293145;-0.523162287851689
439.485;0.0;-84.55766925479489;-16.639409045093668;15.315356350380377;-1.9103474342293145;-0.523162287851689
439.607;0.0;-84.06095862445378;-16.50338129165292;15.315356350380377;-1.9103474342293145;-0.523162287851689
439.71;0.0;-83.5714816440691;-16.369334524912766;15.315356350380377;-1.9103474342293145;-0.523162287851689
439.825;0.0;-83.07597662205406;-16.23363693592212;15.315356350380377;-1.9103474342293145;-0.523162287851689
439.937;0.0;-82.33332189319452;-16.030255634661195;15.315356350380377;-1.9103474342293145;-0.523162287851689
440.048;0.0;-81.83902247950556;-15.894888210120644;15.315356350380377;-1.9103474342293145;-0.523162287851689
440.159;0.0;-81.09998457562425;-15.69249740221002;15.315356350380377;-1.9103474342293145;-0.523162287851689
440.274;0.0;-80.60568516193527;-15.557129977669469;15.315356350380377;-1.9103474342293145;-0.523162287851689
440.381;0.0;-80.11018013992023;-15.42143238867882;15.315356350380377;-1.9103474342293145;-0.523162287851689
440.481;0.0;-79.61949755120948;-15.287055457488567;15.315356350380377;-1.9103474342293145;-0.523162287851689
440.583;0.0;-79.12519813752051;-15.151688032948018;15.315356350380377;-1.9103474342293145;-0.523162287851689
440.692;0.0;-78.62969311550548;-15.015990443957369;15.315356350380377;-1.9103474342293145;-0.523162287851689
440.801;0.0;-78.13901052679472;-14.881613512767116;15.315356350380377;-1.9103474342293145;-0.523162287851689
440.917;0.0;-77.64350550477968;-14.745915923776467;15.315356350380377;-1.9103474342293145;-0.523162287851689
441.034;0.0;-77.14800048276464;-14.610218334785818;15.315356350380377;-1.9103474342293145;-0.523162287851689
441.137;0.0;-76.4101681872094;-14.408157691325291;15.315356350380377;-1.9103474342293145;-0.523162287851689
441.252;0.0;-75.91345755686828;-14.272129937884543;15.315356350380377;-1.9103474342293145;-0.523162287851689
441.363;0.0;-75.41795253485324;-14.136432348893894;15.315356350380377;-1.9103474342293145;-0.523162287851689
441.471;0.0;-74.9224475128382;-14.000734759903246;15.315356350380377;-1.9103474342293145;-0.523162287851689
441.579;0.0;-74.17979278397868;-13.797353458642323;15.315356350380377;-1.9103474342293145;-0.523162287851689
441.682;0.0;-73.6854933702897;-13.661986034101773;15.315356350380377;-1.9103474342293145;-0.523162287851689
441.787;0.0;-73.18516591497038;-13.524967787310729;15.315356350380377;-1.9103474342293145;-0.523162287851689
441.894;0.0;-72.68483845965106;-13.387949540519685;15.315356350380377;-1.9103474342293145;-0.523162287851689
442.008;0.0;-72.18933343763602;-13.252251951529036;15.315356350380377;-1.9103474342293145;-0.523162287851689
442.116;0.0;-71.43944505882008;-13.04688966356752;15.315356350380377;-1.9103474342293145;-0.523162287851689
442.227;0.0;-70.94394003680503;-12.91119207457687;15.315356350380377;-1.9103474342293145;-0.523162287851689
442.343;0.0;-70.44361258148572;-12.774173827785825;15.315356350380377;-1.9103474342293145;-0.523162287851689
442.454;0.0;-69.94328512616639;-12.637155580994781;15.315356350380377;-1.9103474342293145;-0.523162287851689
442.563;0.0;-69.19701357232866;-12.432783786383562;15.315356350380377;-1.9103474342293145;-0.523162287851689
442.673;0.0;-68.94745264883203;-12.364439745213089;15.315356350380377;-1.9103474342293145;-0.523162287851689
442.783;0.0;-68.44591958518664;-12.227091333971945;15.315356350380377;-1.9103474342293145;-0.523162287851689
442.896;0.0;-67.70085363967497;-12.023049703810825;15.315356350380377;-1.9103474342293145;-0.523162287851689
443.001;0.0;-67.20173179268173;-11.886361621469879;15.315356350380377;-1.9103474342293145;-0.523162287851689
443.111;0.0;-66.71587163727524;-11.753305348080021;15.315356350380377;-1.9103474342293145;-0.523162287851689
443.224;0.0;-65.97803934172;-11.551244704619494;15.315356350380377;-1.9103474342293145;-0.523162287851689
443.332;0.0;-65.73330085152766;-11.484221321249416;15.315356350380377;-1.9103474342293145;-0.523162287851689
443.44;0.0;-65.00511342258099;-11.28480199338968;15.315356350380377;-1.9103474342293145;-0.523162287851689
443.553;0.0;-64.9047612516251;-11.257135619883567;15.314950634705673;-1.9103511387324783;-0.5231487605263557
443.661;0.0;-64.4477756164877;-11.076536955283714;15.19087407691436;-1.9114795603729027;-0.5190105867642335
443.78;0.0;-63.840388172468295;-10.839451660525398;15.026471230825317;-1.9129609233598575;-0.5135237137610489
443.883;0.0;-63.22879586521036;-10.604095815791391;14.861510796889046;-1.914431480348674;-0.5080139820386081
443.997;0.0;-62.31214973712041;-10.257604476207845;14.615345024591027;-1.9165964372528244;-0.49978414901487206
444.102;0.0;-61.69302437967045;-10.027771097883434;14.449797204996848;-1.9180324886121616;-0.49424434394839284
444.217;0.0;-61.068152215925195;-9.799192904851054;14.283291523509048;-1.9194606972875599;-0.4886683235744804
444.328;0.0;-60.44356726167223;-9.574086496014953;14.11743603030089;-1.9208672134635887;-0.4831099741646481
444.43;0.0;-59.50213566284194;-9.24106976905602;13.868511182895876;-1.9229479779152885;-0.4747601216701366
444.536;0.0;-59.187717713044805;-9.131515293376074;13.785657988176148;-1.9236324992623122;-0.47197892609582615
444.64;0.0;-58.2517949599884;-8.81028561763467;13.539854865867165;-1.925639615530067;-0.46372208271545007
444.748;0.0;-57.62179044075708;-8.598126380985535;13.375082175550906;-1.926965234821778;-0.4581823683698324
444.856;0.0;-56.99824294191518;-8.391331117143835;13.212534431015582;-1.9282573387881794;-0.45271374433108086
444.971;0.0;-56.365874441614665;-8.184819357750163;13.048225294148205;-1.9295476713541386;-0.447182158486404
445.079;0.0;-55.73385968438619;-7.9816204359000205;12.884542872326248;-1.9308173045556616;-0.441668014831444
445.191;0.0;-55.105288632536855;-7.78266836522108;12.722276161183524;-1.9320604024626078;-0.43619800564968747
445.306;0.0;-54.15179481632907;-7.486783737929464;12.47711329305995;-1.9339091570879232;-0.4279269459010691
445.412;0.0;-53.51416254198199;-7.2928469710315635;12.313816919120978;-1.935120918233148;-0.42241345943664865
445.526;0.0;-52.881562590686954;-7.103519815831235;12.152318496942428;-1.936303877473303;-0.41695730354388955
445.632;0.0;-52.24317685996846;-6.915540951513941;11.98985102882508;-1.9374784122845543;-0.4114650663520068
445.744;0.0;-51.605199453719905;-6.730744531478081;11.827991291896016;-1.9386330624582058;-0.4059900836728117
445.851;0.0;-50.645327163640935;-6.458413717379324;11.585400266325006;-1.9403346474874437;-0.3977782732333637
445.965;0.0;-50.002957894321334;-6.279951402893534;11.423672063749654;-1.9414497207251789;-0.3922997333581344
446.071;0.0;-49.36727501308148;-6.10630510893622;11.264109618596406;-1.9425347023683994;-0.386891495113622
446.173;0.0;-48.72266404192114;-5.933198150431857;11.102790428569229;-1.9436163141207186;-0.38142066328468777
446.282;0.0;-48.078500427013644;-5.763180390493541;10.94206473609385;-1.9446786238559317;-0.37596695175844747
446.388;0.0;-47.43951050732575;-5.597434508540879;10.78310006725911;-1.9457142419233246;-0.37057008469853825
446.489;0.0;-46.46717516187846;-5.350719627379551;10.542093796684236;-1.9472557727620714;-0.36238246969400506
446.611;0.0;-45.8254573536383;-5.191490586341986;10.383613716960138;-1.9482506721213162;-0.3569949824235336
446.714;0.0;-45.17475983000748;-5.032924212400195;10.22337926441405;-1.9492414309854307;-0.3515450790817723
446.832;0.0;-44.52454672438534;-4.877358497642255;10.06372482578091;-1.9502134410466896;-0.34611216860660904
446.947;0.0;-43.55115333480373;-4.64980292597859;9.825565693884439;-1.9516352601505758;-0.3380028257777332
447.062;0.0;-42.89663977932792;-4.500352933437229;9.665991841877982;-1.9525690577847865;-0.33256604378404264
447.166;0.0;-42.24900355067871;-4.355262814696448;9.508536346682963;-1.9534756139332585;-0.32719890688206255
447.276;0.0;-41.592335929822234;-4.210958817358901;9.349328669648544;-1.954377258215935;-0.3217695315984772
447.386;0.0;-40.93459026733117;-4.069230227959791;9.190302417254918;-1.9552628107625123;-0.31634386313917884
447.504;0.0;-39.95236510740631;-3.862773480981473;8.953639672225586;-1.9565527995983554;-0.30826488817343056
447.611;0.0;-39.290346390476174;-3.7270951670055568;8.794672563849623;-1.9574005486443735;-0.3028352539970279
447.726;0.0;-38.62404337151607;-3.5933360798562437;8.635112834389432;-1.9582363059235162;-0.29738303425004137
447.848;0.0;-37.96310064107829;-3.4634031050956753;8.477264304018867;-1.9590481567799407;-0.29198701737210137
447.948;0.0;-36.95761308574302;-3.2709403098873246;8.237936751599728;-1.960250708213922;-0.2838014444000515
448.051;0.0;-36.29240847891929;-3.1470309065286624;8.080131869774197;-1.961024922422603;-0.2784014233694982
448.168;0.0;-35.62129873920057;-3.024754925784547;7.92134686545999;-1.9617889306343002;-0.27296573143431135
448.278;0.0;-34.9475061500235;-2.9047302702194546;7.762347654474109;-1.9625388720528827;-0.26752060589445936
448.394;0.0;-34.279143985629126;-2.788364173698165;7.605041745262048;-1.9632659539602562;-0.26213144206154537
448.498;0.0;-33.60323764285509;-2.6733892097393053;7.446372927016463;-1.9639843437541433;-0.2566935846205482
448.599;0.0;-32.58739718460706;-2.5056591776182646;7.208675548526003;-1.9650323592442567;-0.2485436098951022
448.706;0.0;-31.908854303434026;-2.3969828218993245;7.0504120354061;-1.9657113938975168;-0.24311481813789443
448.813;0.0;-31.229262418216564;-2.2908125042189216;6.89230767011763;-1.9663747702536307;-0.23768963335980908
448.914;0.0;-30.55681161477637;-2.188371957964419;6.7362582450490915;-1.9670148421473324;-0.23233318675738734
449.038;0.0;-29.53391956114463;-2.0374879679131315;6.499626724719146;-1.9679575997249965;-0.22420745879959045
449.168;0.0;-28.850693141309037;-1.9400004404028284;6.342064403804623;-1.9685667240280904;-0.2187947712950443
449.282;0.0;-28.17301589043828;-1.8458877957779112;6.186166641190845;-1.969154761293303;-0.21343763719797468
449.386;0.0;-27.487731976211307;-1.7533155583812952;6.028904686670519;-1.9697331737428763;-0.2080320243461465
449.501;0.0;-26.801418753006033;-1.6632023081227167;5.871791227598372;-1.9702962218800597;-0.20262995075235535
449.607;0.0;-25.77664412546346;-1.5334474035625985;5.637903878408732;-1.9711069601132647;-0.1945853300991221
449.708;0.0;-25.087780046589838;-1.449428068165091;5.481153310734228;-1.97163193208073;-0.1891920275707894
449.815;0.0;-24.404534957556322;-1.3686168157535157;5.326050878733172;-1.972136859214123;-0.18385403837227055
449.941;0.0;-23.713644714160615;-1.2894379243862841;5.169583339767798;-1.972631586983465;-0.17846770276953577
450.051;0.0;-23.02174060540081;-1.2126811258430406;5.013255681381906;-1.9731111809645048;-0.17308485332228393
450.168;0.0;-21.981989348161544;-1.1020732488954184;4.779023114737983;-1.9738022842028684;-0.16501709539401604
450.269;0.0;-21.287562326505817;-1.0313436107989418;4.623038465304956;-1.9742442191109935;-0.15964292093156668
450.376;0.0;-20.598822367227765;-0.9636594325132515;4.468686293367817;-1.9746671252917294;-0.15432382573289213
450.482;0.0;-19.900723141302255;-0.8975446574716658;4.312593819799698;-1.975080225483107;-0.14894361954222238
450.582;0.0;-19.203297372934635;-0.8339789320100426;4.157007408340161;-1.9754773986314194;-0.14357975620949695
450.688;0.0;-18.162015393612972;-0.7436595774778998;3.9253648157961862;-1.9760417345551047;-0.13559189575041983
450.789;0.0;-17.462111514978336;-0.6860139803759745;3.7700996903879793;-1.9764019173913903;-0.1302365533495665
450.889;0.0;-16.75953081277989;-0.6306053127782106;3.614588253462132;-1.9767481233820212;-0.12487175662413143
450.989;0.0;-16.064398986578333;-0.5781911057881868;3.461064839280897;-1.9770756192999133;-0.11957463973018163
451.091;0.0;-15.361537031066693;-0.5276122623502474;3.30617390788158;-1.977391647447793;-0.1142294686166498
451.191;0.0;-14.655998275048525;-0.47927029333363236;3.1510332579626694;-1.9776936990941876;-0.108874843099255
451.293;0.0;-13.95795078626102;-0.4338215135853518;2.997871977910521;-1.9779776734342667;-0.10358775165194756
451.395;0.0;-13.245360476858352;-0.38985173007952245;2.8418571953324094;-1.9782524066685496;-0.09820139717351142
451.498;0.0;-12.53857521213729;-0.34864555032947875;2.68744679281905;-1.9785098722763503;-0.09286971627909173
451.603;0.0;-11.824005237254113;-0.3094051260897137;2.5316699218216803;-1.9787550553954487;-0.08749016884024263
451.706;0.0;-11.108444083554676;-0.2725325972167931;2.3760104479060615;-1.9789854433643161;-0.08211402954964221
451.818;0.0;-10.400430144013614;-0.2384196021417695;2.2223179912260957;-1.9791985891367263;-0.07680523195675329
451.923;0.0;-10.041790791935755;-0.2220349250177901;2.1445886231111295;-1.9793009643357846;-0.07412011519265041
452.023;0.0;-8.964395274740765;-0.1764105019339366;1.9115706747298227;-1.979586036135478;-0.06606984511987928
452.134;0.0;-8.251759989693493;-0.1491798388098382;1.7578430608400084;-1.9797561795284007;-0.06075827940165362
452.24;0.0;-7.531296728451215;-0.12401829240300455;1.6027472215892613;-1.9799133946082297;-0.05539899590837459
452.345;0.0;-6.809855157629059;-0.10119389715745808;1.4477604678908407;-1.9800560066346347;-0.050043076312736086
452.449;0.0;-6.094322095921334;-0.08088593235553754;1.2943559727350054;-1.9801828954297773;-0.044741474540761265
452.564;0.0;-5.372662793900194;-0.06273960891439567;1.1399506901387135;-1.980296277796754;-0.03940496213752484
452.669;0.0;-4.2857696896100235;-0.03980462602963786;0.907986345705989;-1.980439580799948;-0.03138734932527341
452.785;0.0;-3.5668792393737876;-0.02751735800877575;0.7549436001857597;-1.98051635445255;-0.02609729186563181
452.89;0.0;-2.857428745469731;-0.017625840337673893;0.6042058520782717;-1.9805781589106362;-0.02088672647623386
452.995;0.0;-2.150525568647771;-0.009964698860816634;0.45429841968189;-1.9806260274696426;-0.01570471924491917
453.097;0.0;-1.0867290228242223;-0.0025373746970540623;0.22924537953742818;-1.9806724350847567;-0.007924884362581493
453.229;0.0;-0.3740745428359774;-0.00030008013832028;0.07883637725408245;-1.9806864142113556;-0.0027253358143245927
453.338;-0.0;0.0;0.0;0.0;-1.9806882891804907;0.0
453.444;-0.0;0.0;0.0;0.0;-1.85689527110671;0.0
453.552;-0.0;0.0;0.0;0.0;-1.6712057439960388;0.0
453.669;-0.0;0.0;0.0;0.0;-1.4855162168853675;0.0
453.783;-0.0;0.0;0.0;0.0;-1.176033671700916;0.0
453.891;-0.0;0.0;0.0;0.0;-0.9903441445902453;0.0
453.993;-0.0;0.0;0.0;0.0;-0.6808615994057936;0.0
454.096;-0.0;0.0;0.0;0.0;-0.6189650903689032;0.0
454.206;-0.0;0.0;0.0;0.0;-0.3713790542213419;0.0
454.318;-0.0;0.0;0.0;0.0;-0.1856895271106709;0.0
454.428;-0.0;0.0;0.0;0.0;-0.0;0.0
454.54;-0.0;0.0;0.0;0.0;-0.0;0.0
454.652;-0.0;0.0;0.0;0.0;-0.0;0.0
454.753;-0.0;0.0;0.0;0.0;-0.0;0.0
454.86;-0.0;0.0;0.0;0.0;-0.0;0.0
454.976;-0.0;0.0;0.0;0.0;-0.0;0.0
455.079;-0.0;0.0;0.0;0.0;-0.0;0.0
455.195;-0.0;0.0;0.0;0.0;-0.0;0.0
455.3;-0.0;0.0;0.0;0.0;-0.0;0.0
455.413;-0.0;0.0;0.0;0.0;-0.0;0.0
455.522;-0.0;0.0;0.0;0.0;-0.0;0.0
455.623;-0.0;0.0;0.0;0.0;-0.0;0.0
455.727;-0.0;0.0;0.0;0.0;-0.0;0.0
455.844;-0.0;0.0;0.0;0.0;-0.0;0.0
455.958;-0.0;0.0;0.0;0.0;-0.0;0.0
456.065;-0.0;0.0;0.0;0.0;-0.0;0.0
456.173;-0.0;0.0;0.0;0.0;-0.0;0.0
456.285;-0.0;0.0;0.0;0.0;-0.0;0.0
456.396;-0.0;0.0;0.0;0.0;-0.0;0.0
456.508;-0.0;0.0;0.0;0.0;-0.0;0.0
456.609;-0.0;0.0;0.0;0.0;-0.0;0.0
456.711;-0.0;0.0;0.0;0.0;-0.0;0.0
456.819;-0.0;0.0;0.0;0.0;-0.0;0.0
456.931;-0.0;0.0;0.0;0.0;-0.0;0.0
457.045;-0.0;0.0;0.0;0.0;-0.0;0.0
457.16;-0.0;0.0;0.0;0.0;-0.0;0.0
457.285;-0.0;0.0;0.0;0.0;-0.0;0.0
457.387;-0.0;0.0;0.0;0.0;-0.0;0.0
457.49;-0.0;0.0;0.0;0.0;-0.0;0.0
457.601;-0.0;0.0;0.0;0.0;-0.0;0.0
457.711;-0.0;0.0;0.0;0.0;-0.0;0.0
457.82;-0.0;0.0;0.0;0.0;-0.0;0.0
457.929;-0.0;0.0;0.0;0.0;-0.0;0.0
458.036;-0.0;0.0;0.0;0.0;-0.0;0.0
458.147;-0.0;0.0;0.0;0.0;-0.0;0.0
458.255;-0.0;0.0;0.0;0.0;-0.0;0.0
458.366;-0.0;0.0;0.0;0.0;-0.0;0.0
458.475;-0.0;0.0;0.0;0.0;-0.0;0.0
458.585;-0.0;0.0;0.0;0.0;-0.0;0.0
458.693;-0.0;0.0;0.0;0.0;-0.0;0.0
458.804;-0.0;0.0;0.0;0.0;-0.0;0.0
458.912;-0.0;0.0;0.0;0.0;-0.0;0.0
459.024;-0.0;0.0;0.0;0.0;-0.0;0.0
459.132;-0.0;0.0;0.0;0.0;-0.0;0.0
459.247;-0.0;0.0;0.0;0.0;-0.0;0.0
459.351;-0.0;0.0;0.0;0.0;-0.0;0.0
459.464;-0.0;0.0;0.0;0.0;-0.0;0.0
459.565;-0.0;0.0;0.0;0.0;-0.0;0.0
459.668;-0.0;0.0;0.0;0.0;-0.0;0.0
459.779;-0.0;0.0;0.0;0.0;-0.0;0.0
459.89;-0.0;0.0;0.0;0.0;-0.0;0.0
460.002;-0.0;0.0;0.0;0.0;-0.0;0.0
460.109;-0.0;0.0;0.0;0.0;-0.0;0.0
460.219;-0.0;0.0;0.0;0.0;-0.0;0.0
460.331;-0.0;0.0;0.0;0.0;-0.0;0.0
460.44;-0.0;0.0;0.0;0.0;-0.0;0.0
460.549;-0.0;0.0;0.0;0.0;-0.0;0.0
460.664;-0.0;0.0;0.0;0.0;-0.0;0.0
460.774;-0.0;0.0;0.0;0.0;-0.0;0.0
460.875;-0.0;0.0;0.0;0.0;-0.0;0.0
460.981;-0.0;0.0;0.0;0.0;-0.0;0.0
461.096;-0.0;0.0;0.0;0.0;-0.0;0.0
461.205;-0.0;0.0;0.0;0.0;-0.0;0.0
461.321;-0.0;0.0;0.0;0.0;-0.0;0.0
461.427;-0.0;0.0;0.0;0.0;-0.0;0.0
461.544;-0.0;0.0;0.0;0.0;-0.0;0.0
461.65;-0.0;0.0;0.0;0.0;-0.0;0.0
461.761;-0.0;0.0;0.0;0.0;-0.0;0.0
461.862;-0.0;0.0;0.0;0.0;-0.0;0.0
461.971;-0.0;0.0;0.0;0.0;-0.0;0.0
462.075;-0.0;0.0;0.0;0.0;-0.0;0.0
462.192;-0.0;0.0;0.0;0.0;-0.0;0.0
462.299;-0.0;0.0;0.0;0.0;-0.0;0.0
462.413;-0.0;0.0;0.0;0.0;-0.0;0.0
462.521;-0.0;0.0;0.0;0.0;-0.0;0.0
462.622;-0.0;0.0;0.0;0.0;-0.0;0.0
462.722;-0.0;0.0;0.0;0.0;-0.0;0.0
462.823;-0.0;0.0;0.0;0.0;-0.0;0.0
462.931;-0.0;0.0;0.0;0.0;-0.0;0.0
463.032;-0.0;0.0;0.0;0.0;-0.0;0.0
463.133;-0.0;0.0;0.0;0.0;-0.0;0.0
463.233;-0.0;0.0;0.0;0.0;-0.0;0.0
463.334;-0.0;0.0;0.0;0.0;-0.0;0.0
463.434;-0.0;0.0;0.0;0.0;-0.0;0.0
463.537;-0.0;0.0;0.0;0.0;-0.0;0.0
463.638;-0.0;0.0;0.0;0.0;-0.0;0.0
463.741;-0.0;0.0;0.0;0.0;-0.0;0.0
463.842;-0.0;0.0;0.0;0.0;-0.0;0.0
463.945;-0.0;0.0;0.0;0.0;-0.0;0.0
464.047;-0.0;0.0;0.0;0.0;-0.0;0.0
464.156;-0.0;0.0;0.0;0.0;-0.0;0.0
464.268;-0.0;0.0;0.0;0.0;-0.0;0.0
464.381;-0.0;0.0;0.0;0.0;-0.0;0.0
464.487;-0.0;0.0;0.0;0.0;-0.0;0.0
464.6;-0.0;0.0;0.0;0.0;-0.0;0.0
464.716;-0.0;0.0;0.0;0.0;-0.0;0.0
464.825;-0.0;0.0;0.0;0.0;-0.0;0.0
464.937;-0.0;0.0;0.0;0.0;-0.0;0.0
465.038;-0.0;0.0;0.0;0.0;-0.0;0.0
465.139;-0.0;0.0;0.0;0.0;-0.0;0.0
465.241;-0.0;0.0;0.0;0.0;-0.0;0.0
465.344;-0.0;0.0;0.0;0.0;-0.0;0.0
465.446;-0.0;0.0;0.0;0.0;-0.0;0.0
465.546;-0.0;0.0;0.0;0.0;-0.0;0.0
465.647;-0.0;0.0;0.0;0.0;-0.0;0.0
465.747;-0.0;0.0;0.0;0.0;-0.0;0.0
465.848;-0.0;0.0;0.0;0.0;-0.0;0.0
465.948;-0.0;0.0;0.0;0.0;-0.0;0.0
466.049;-0.0;0.0;0.0;0.0;-0.0;0.0
466.151;-0.0;0.0;0.0;0.0;-0.0;0.0
466.253;-0.0;0.0;0.0;0.0;-0.0;0.0
466.354;-0.0;0.0;0.0;0.0;-0.0;0.0
466.456;-0.0;0.0;0.0;0.0;-0.0;0.0
466.571;-0.0;0.0;0.0;0.0;-0.0;0.0
466.683;-0.0;0.0;0.0;0.0;-0.0;0.0
466.789;-0.0;0.0;0.0;0.0;-0.0;0.0
466.905;-0.0;0.0;0.0;0.0;-0.0;0.0
467.012;-0.0;0.0;0.0;0.0;-0.0;0.0
467.125;-0.0;0.0;0.0;0.0;-0.0;0.0
467.231;-0.0;0.0;0.0;0.0;-0.0;0.0
467.344;-0.0;0.0;0.0;0.0;-0.0;0.0
467.459;-0.0;0.0;0.0;0.0;-0.0;0.0
467.568;-0.0;0.0;0.0;0.0;-0.0;0.0
467.68;-0.0;0.0;0.0;0.0;-0.0;0.0
467.794;-0.0;0.0;0.0;0.0;-0.0;0.0
467.895;-0.0;0.0;0.0;0.0;-0.0;0.0
468.0;-0.0;0.0;0.0;0.0;-0.0;0.0
468.108;-0.0;0.0;0.0;0.0;-0.0;0.0
468.225;-0.0;0.0;0.0;0.0;-0.0;0.0
468.333;-0.0;0.0;0.0;0.0;-0.0;0.0
468.441;-0.0;0.0;0.0;0.0;-0.0;0.0
468.55;-0.0;0.0;0.0;0.0;-0.0;0.0
468.662;-0.0;0.0;0.0;0.0;-0.0;0.0
468.775;-0.0;0.0;0.0;0.0;-0.0;0.0
468.885;-0.0;0.0;0.0;0.0;-0.0;0.0
468.998;-0.0;0.0;0.0;0.0;-0.0;0.0
469.109;-0.0;0.0;0.0;0.0;-0.0;0.0
469.22;-0.0;0.0;0.0;0.0;-0.0;0.0
469.334;-0.0;0.0;0.0;0.0;-0.0;0.0
469.448;-0.0;0.0;0.0;0.0;-0.0;0.0
469.553;-0.0;0.0;0.0;0.0;-0.0;0.0
469.654;-0.0;0.0;0.0;0.0;-0.0;0.0
469.768;-0.0;0.0;0.0;0.0;-0.0;0.0
469.875;-0.0;0.0;0.0;0.0;-0.0;0.0
469.983;-0.0;0.0;0.0;0.0;-0.0;0.0
470.097;-0.0;0.0;0.0;0.0;-0.0;0.0
470.207;-0.0;0.0;0.0;0.0;-0.0;0.0
470.319;-0.0;0.0;0.0;0.0;-0.0;0.0
470.43;-0.0;0.0;0.0;0.0;-0.0;0.0
470.544;-0.0;0.0;0.0;0.0;-0.0;0.0
470.656;-0.0;0.0;0.0;0.0;-0.0;0.0
470.767;-0.0;0.0;0.0;0.0;-0.0;0.0
470.879;-0.0;0.0;0.0;0.0;-0.0;0.0
470.991;-0.0;0.0;0.0;0.0;-0.0;0.0
471.092;-0.0;0.0;0.0;0.0;-0.0;0.0
471.193;-0.0;0.0;0.0;0.0;-0.0;0.0
471.302;-0.0;0.0;0.0;0.0;-0.0;0.0
471.42;-0.0;0.0;0.0;0.0;-0.0;0.0
471.531;-0.0;0.0;0.0;0.0;-0.0;0.0
471.642;-0.0;0.0;0.0;0.0;-0.0;0.0
471.744;-0.0;0.0;0.0;0.0;-0.0;0.0
471.853;-0.0;0.0;0.0;0.0;-0.0;0.0
471.957;-0.0;0.0;0.0;0.0;-0.0;0.0
472.067;-0.0;0.0;0.0;0.0;-0.0;0.0
472.182;-0.0;0.0;0.0;0.0;-0.0;0.0
472.287;-0.0;0.0;0.0;0.0;-0.0;0.0
472.398;-0.0;0.0;0.0;0.0;-0.0;0.0
472.508;-0.0;0.0;0.0;0.0;-0.0;0.0
472.609;-0.0;0.0;0.0;0.0;-0.0;0.0
472.72;-0.0;0.0;0.0;0.0;-0.0;0.0
472.827;-0.0;0.0;0.0;0.0;-0.0;0.0
472.938;-0.0;0.0;0.0;0.0;-0.0;0.0
473.047;-0.0;0.0;0.0;0.0;-0.0;0.0
473.159;-0.0;0.0;0.0;0.0;-0.0;0.0
473.27;-0.0;0.0;0.0;0.0;-0.0;0.0
473.38;-0.0;0.0;0.0;0.0;-0.0;0.0
473.491;-0.0;0.0;0.0;0.0;-0.0;0.0
473.599;-0.0;0.0;0.0;0.0;-0.0;0.0
473.71;-0.0;0.0;0.0;0.0;-0.0;0.0
473.818;-0.0;0.0;0.0;0.0;-0.0;0.0
473.919;-0.0;0.0;0.0;0.0;-0.0;0.0
474.022;-0.0;0.0;0.0;0.0;-0.0;0.0
474.131;-0.0;0.0;0.0;0.0;-0.0;0.0
474.249;-0.0;0.0;0.0;0.0;-0.0;0.0
474.357;-0.0;0.0;0.0;0.0;-0.0;0.0
474.468;-0.0;0.0;0.0;0.0;-0.0;0.0
474.579;-0.0;0.0;0.0;0.0;-0.0;0.0
474.689;-0.0;0.0;0.0;0.0;-0.0;0.0
474.795;-0.0;0.0;0.0;0.0;-0.0;0.0
474.91;-0.0;0.0;0.0;0.0;-0.0;0.0
475.023;-0.0;0.0;0.0;0.0;-0.0;0.0
475.135;-0.0;0.0;0.0;0.0;-0.0;0.0
475.243;-0.0;0.0;0.0;0.0;-0.0;0.0
475.354;-0.0;0.0;0.0;0.0;-0.0;0.0
475.463;-0.0;0.0;0.0;0.0;-0.0;0.0
475.571;-0.0;0.0;0.0;0.0;-0.0;0.0
475.682;-0.0;0.0;0.0;0.0;-0.0;0.0
475.784;-0.0;0.0;0.0;0.0;-0.0;0.0
475.887;-0.0;0.0;0.0;0.0;-0.0;0.0
476.0;-0.0;0.0;0.0;0.0;-0.0;0.0
476.108;-0.0;0.0;0.0;0.0;-0.0;0.0
476.227;-0.0;0.0;0.0;0.0;-0.0;0.0
476.332;-0.0;0.0;0.0;0.0;-0.0;0.0
476.432;-0.0;0.0;0.0;0.0;-0.0;0.0
476.537;-0.0;0.0;0.0;0.0;-0.0;0.0
476.637;-0.0;0.0;0.0;0.0;-0.0;0.0
476.738;-0.0;0.0;0.0;0.0;-0.0;0.0
476.838;-0.0;0.0;0.0;0.0;-0.0;0.0
476.94;-0.0;0.0;0.0;0.0;-0.0;0.0
477.041;-0.0;0.0;0.0;0.0;-0.0;0.0
477.141;-0.0;0.0;0.0;0.0;-0.0;0.0
477.244;-0.0;0.0;0.0;0.0;-0.0;0.0
477.345;-0.0;0.0;0.0;0.0;-0.0;0.0
477.452;-0.0;0.0;0.0;0.0;-0.0;0.0
477.563;-0.0;0.0;0.0;0.0;-0.0;0.0
477.663;-0.0;0.0;0.0;0.0;-0.0;0.0
477.765;-0.0;0.0;0.0;0.0;-0.0;0.0
477.878;-0.0;0.0;0.0;0.0;-0.0;0.0
477.985;-0.0;0.0;0.0;0.0;-0.0;0.0
478.101;-0.0;0.0;0.0;0.0;-0.0;0.0
478.213;-0.0;0.0;0.0;0.0;-0.0;0.0
478.321;-0.0;0.0;0.0;0.0;-0.0;0.0
478.434;-0.0;0.0;0.0;0.0;-0.0;0.0
478.534;-0.0;0.0;0.0;0.0;-0.0;0.0
478.639;-0.0;0.0;0.0;0.0;-0.0;0.0
478.739;-0.0;0.0;0.0;0.0;-0.0;0.0
478.839;-0.0;0.0;0.0;0.0;-0.0;0.0
478.94;-0.0;0.0;0.0;0.0;-0.0;0.0
479.041;-0.0;0.0;0.0;0.0;-0.0;0.0
479.144;-0.0;0.0;0.0;0.0;-0.0;0.0
479.248;-0.0;0.0;0.0;0.0;-0.0;0.0
479.352;-0.0;0.0;0.0;0.0;-0.0;0.0
479.456;-0.0;0.0;0.0;0.0;-0.0;0.0
479.556;-0.0;0.0;0.0;0.0;-0.0;0.0
479.669;-0.0;0.0;0.0;0.0;-0.0;0.0
479.776;-0.0;0.0;0.0;0.0;-0.0;0.0
479.887;-0.0;0.0;0.0;0.0;-0.0;0.0
479.999;-0.0;0.0;0.0;0.0;-0.0;0.0
480.102;-0.0;0.0;0.0;0.0;-0.0;0.0
480.205;-0.0;0.0;0.0;0.0;-0.0;0.0
480.306;-0.0;0.0;0.0;0.0;-0.0;0.0
480.408;-0.0;0.0;0.0;0.0;-0.0;0.0
480.521;-0.0;0.0;0.0;0.0;-0.0;0.0
480.627;-0.0;0.0;0.0;0.0;-0.0;0.0
480.739;-0.0;0.0;0.0;0.0;-0.0;0.0
480.853;-0.0;0.0;0.0;0.0;-0.0;0.0
480.962;-0.0;0.0;0.0;0.0;-0.0;0.0
481.07;-0.0;0.0;0.0;0.0;-0.0;0.0
481.183;-0.0;0.0;0.0;0.0;-0.0;0.0
481.293;-0.0;0.0;0.0;0.0;-0.0;0.0
481.41;-0.0;0.0;0.0;0.0;-0.0;0.0
481.516;-0.0;0.0;0.0;0.0;-0.0;0.0
